model,condition,frames,input_change,moved_mean_m,moved_median_m,share_of_image_swap
seed2,clean,320,0.0,0.0,0.0,0.0
seed2,amp_mix_0.5,320,38.103,0.0652,0.0438,0.1071
seed2,amp_swap,320,75.412,0.1505,0.0993,0.2473
seed2,phase_swap,320,34.248,0.2896,0.2164,0.4759
seed2,image_swap,320,83.631,0.6086,0.4685,1.0
seed2,camera_black,320,104.816,0.2602,0.1581,0.4275
seed2,camera_0.5,320,54.412,0.0816,0.0569,0.134
seed2,camera_1,320,90.925,0.156,0.1086,0.2563
reference,clean,320,0.0,0.0,0.0,0.0
reference,amp_mix_0.5,320,38.103,0.1145,0.0357,0.0582
reference,amp_swap,320,75.412,0.2926,0.0902,0.1488
reference,phase_swap,320,34.248,1.1789,0.771,0.5996
reference,image_swap,320,83.631,1.9661,1.5184,1.0
reference,camera_black,320,104.816,1.1864,0.797,0.6035
reference,camera_0.5,320,54.412,0.3326,0.1199,0.1692
reference,camera_1,320,90.925,1.1046,0.651,0.5618
