model,condition,frame,l2
rung3,none:0,0,1.133431315422058
rung3,none:0,1,1.120990514755249
rung3,none:0,2,0.9885357022285461
rung3,none:0,3,0.6860053539276123
rung3,none:0,4,0.5180904269218445
rung3,none:0,5,0.5220801830291748
rung3,none:0,6,0.3667575716972351
rung3,none:0,7,0.4241762161254883
rung3,none:0,8,0.34459665417671204
rung3,none:0,9,0.18220850825309753
rung3,none:0,10,0.8744752407073975
rung3,none:0,11,0.47162535786628723
rung3,none:0,12,0.37098872661590576
rung3,none:0,13,0.23937323689460754
rung3,none:0,14,0.382505863904953
rung3,none:0,15,0.30790966749191284
rung3,none:0,16,0.18928612768650055
rung3,none:0,17,0.2297673523426056
rung3,none:0,18,0.3853452205657959
rung3,none:0,19,0.3452150225639343
rung3,none:0,20,0.1671423614025116
rung3,none:0,21,0.18501555919647217
rung3,none:0,22,0.32122549414634705
rung3,none:0,23,0.3385286331176758
rung3,none:0,24,0.22911915183067322
rung3,none:0,25,0.24712446331977844
rung3,none:0,26,0.38104724884033203
rung3,none:0,27,0.4901214838027954
rung3,none:0,28,0.33581477403640747
rung3,none:0,29,0.22739136219024658
rung3,none:0,30,0.2680046260356903
rung3,none:0,31,0.4483790099620819
rung3,none:0,32,0.410401850938797
rung3,none:0,33,0.28092673420906067
rung3,none:0,34,0.30152392387390137
rung3,none:0,35,0.4620217978954315
rung3,none:0,36,0.472092866897583
rung3,none:0,37,0.2566239833831787
rung3,none:0,38,0.2648336887359619
rung3,none:0,39,0.4027530252933502
rung3,none:0,40,0.38423722982406616
rung3,none:0,41,0.21880871057510376
rung3,none:0,42,0.21341322362422943
rung3,none:0,43,0.3415902554988861
rung3,none:0,44,0.3090682327747345
rung3,none:0,45,0.09264901280403137
rung3,none:0,46,0.2107456624507904
rung3,none:0,47,0.4091130197048187
rung3,none:0,48,0.594925582408905
rung3,none:0,49,0.49997490644454956
rung3,none:0,50,0.6616281867027283
rung3,none:0,51,0.8151044845581055
rung3,none:0,52,0.2997521162033081
rung3,none:0,53,0.1821167916059494
rung3,none:0,54,0.4578709602355957
rung3,none:0,55,0.692124605178833
rung3,none:0,56,0.9609816074371338
rung3,none:0,57,1.4179326295852661
rung3,none:0,58,1.7899856567382812
rung3,none:0,59,1.068397045135498
rung3,none:0,60,0.7923974990844727
rung3,none:0,61,1.0775434970855713
rung3,none:0,62,0.2566263675689697
rung3,none:0,63,0.801029622554779
rung3,none:0,64,0.9946829676628113
rung3,none:0,65,1.3742941617965698
rung3,none:0,66,1.328202486038208
rung3,none:0,67,1.5877143144607544
rung3,none:0,68,2.018632411956787
rung3,none:0,69,2.3143224716186523
rung3,none:0,70,3.0807762145996094
rung3,none:0,71,0.6522681713104248
rung3,none:0,72,0.730309009552002
rung3,none:0,73,0.7812684774398804
rung3,none:0,74,0.48941361904144287
rung3,none:0,75,0.4874196946620941
rung3,none:0,76,0.6941664218902588
rung3,none:0,77,0.3921504616737366
rung3,none:0,78,0.17973704636096954
rung3,none:0,79,0.2740873396396637
rung3,none:0,80,0.560068666934967
rung3,none:0,81,0.5155805945396423
rung3,none:0,82,0.6259664297103882
rung3,none:0,83,0.7862291932106018
rung3,none:0,84,1.041677474975586
rung3,none:0,85,0.7478334307670593
rung3,none:0,86,0.5891417860984802
rung3,none:0,87,0.6338557600975037
rung3,none:0,88,0.626143753528595
rung3,none:0,89,0.5624030232429504
rung3,none:0,90,0.793527364730835
rung3,none:0,91,0.5008611679077148
rung3,none:0,92,0.2682644724845886
rung3,none:0,93,0.2026597261428833
rung3,none:0,94,0.09320014715194702
rung3,none:0,95,0.14370331168174744
rung3,none:0,96,0.15065348148345947
rung3,none:0,97,0.28780388832092285
rung3,none:0,98,0.22260728478431702
rung3,none:0,99,0.1813269406557083
rung3,none:0,100,0.3159998059272766
rung3,none:0,101,0.4907872974872589
rung3,none:0,102,0.38193079829216003
rung3,none:0,103,0.08670155704021454
rung3,none:0,104,0.232256218791008
rung3,none:0,105,0.4890120029449463
rung3,none:0,106,0.3269442617893219
rung3,none:0,107,0.12521252036094666
rung3,none:0,108,0.2372867912054062
rung3,none:0,109,0.40714961290359497
rung3,none:0,110,0.28102532029151917
rung3,none:0,111,0.09455409646034241
rung3,none:0,112,0.19085301458835602
rung3,none:0,113,0.32425281405448914
rung3,none:0,114,0.3662824034690857
rung3,none:0,115,0.11989325284957886
rung3,none:0,116,0.11501553654670715
rung3,none:0,117,0.3263167142868042
rung3,none:0,118,0.30764394998550415
rung3,none:0,119,0.22821275889873505
rung3,none:0,120,0.1320296972990036
rung3,none:0,121,0.17775467038154602
rung3,none:0,122,0.301204651594162
rung3,none:0,123,0.2519362270832062
rung3,none:0,124,0.11604831367731094
rung3,none:0,125,0.1841127723455429
rung3,none:0,126,0.3727855980396271
rung3,none:0,127,0.3515944480895996
rung3,none:0,128,0.13837233185768127
rung3,none:0,129,0.1897822767496109
rung3,none:0,130,0.3798186480998993
rung3,none:0,131,0.29220888018608093
rung3,none:0,132,0.18109193444252014
rung3,none:0,133,0.11131414771080017
rung3,none:0,134,0.444070428609848
rung3,none:0,135,0.22562167048454285
rung3,none:0,136,0.1477469503879547
rung3,none:0,137,0.13860464096069336
rung3,none:0,138,0.35914748907089233
rung3,none:0,139,0.35664501786231995
rung3,none:0,140,0.13670100271701813
rung3,none:0,141,0.13049493730068207
rung3,none:0,142,0.20078061521053314
rung3,none:0,143,0.39991050958633423
rung3,none:0,144,0.22359487414360046
rung3,none:0,145,0.11260157823562622
rung3,none:0,146,0.19754138588905334
rung3,none:0,147,0.38938409090042114
rung3,none:0,148,0.2954242527484894
rung3,none:0,149,0.15572601556777954
rung3,none:0,150,0.11718134582042694
rung3,none:0,151,0.41060563921928406
rung3,none:0,152,0.23636029660701752
rung3,none:0,153,0.1583893746137619
rung3,none:0,154,0.15397599339485168
rung3,none:0,155,1.123578429222107
rung3,none:0,156,1.1343703269958496
rung3,none:0,157,1.024623155593872
rung3,none:0,158,0.9180346131324768
rung3,none:0,159,0.5619741082191467
rung3,none:0,160,0.4185939431190491
rung3,none:0,161,0.2169596552848816
rung3,none:0,162,0.18907424807548523
rung3,none:0,163,0.12873253226280212
rung3,none:0,164,0.20111554861068726
rung3,none:0,165,0.384713739156723
rung3,none:0,166,0.4805283546447754
rung3,none:0,167,0.3240112066268921
rung3,none:0,168,0.3271130919456482
rung3,none:0,169,0.16486380994319916
rung3,none:0,170,0.230499729514122
rung3,none:0,171,0.4005487561225891
rung3,none:0,172,0.5801798105239868
rung3,none:0,173,1.3204994201660156
rung3,none:0,174,0.8153682947158813
rung3,none:0,175,0.41175174713134766
rung3,none:0,176,0.3827212154865265
rung3,none:0,177,0.5343213081359863
rung3,none:0,178,0.5006794929504395
rung3,none:0,179,0.36755266785621643
rung3,none:0,180,0.4410668611526489
rung3,none:0,181,0.7802786231040955
rung3,none:0,182,0.5498322248458862
rung3,none:0,183,0.4743562638759613
rung3,none:0,184,0.5643906593322754
rung3,none:0,185,0.4442991018295288
rung3,none:0,186,0.3226218521595001
rung3,none:0,187,0.4351496696472168
rung3,none:0,188,0.5156233310699463
rung3,none:0,189,0.46331125497817993
rung3,none:0,190,0.5587055087089539
rung3,none:0,191,0.4181618392467499
rung3,none:0,192,0.4655821919441223
rung3,none:0,193,0.5133482217788696
rung3,none:0,194,0.3512200713157654
rung3,none:0,195,0.603915810585022
rung3,none:0,196,0.45179253816604614
rung3,none:0,197,0.5140337944030762
rung3,none:0,198,0.8361536264419556
rung3,none:0,199,0.796431303024292
rung3,none:0,200,1.048033595085144
rung3,none:0,201,1.4173002243041992
rung3,none:0,202,1.600515365600586
rung3,none:0,203,1.0777437686920166
rung3,none:0,204,1.259555697441101
rung3,none:0,205,0.667823076248169
rung3,none:0,206,0.981036901473999
rung3,none:0,207,0.703721821308136
rung3,none:0,208,0.5672916769981384
rung3,none:0,209,0.8133645057678223
rung3,none:0,210,0.8914217948913574
rung3,none:0,211,1.0070300102233887
rung3,none:0,212,2.0921053886413574
rung3,none:0,213,1.0255167484283447
rung3,none:0,214,0.7842762470245361
rung3,none:0,215,4.453229904174805
rung3,none:0,216,4.20798921585083
rung3,none:0,217,0.8346662521362305
rung3,none:0,218,0.672196626663208
rung3,none:0,219,0.4666045010089874
rung3,none:0,220,0.7261523008346558
rung3,none:0,221,0.5917119979858398
rung3,none:0,222,0.6269412040710449
rung3,none:0,223,0.16875159740447998
rung3,none:0,224,0.3538687229156494
rung3,none:0,225,0.7873902320861816
rung3,none:0,226,0.9190727472305298
rung3,none:0,227,0.6961963772773743
rung3,none:0,228,0.6811044216156006
rung3,none:0,229,0.762447714805603
rung3,none:0,230,0.7086212635040283
rung3,none:0,231,0.5246483087539673
rung3,none:0,232,0.4833143949508667
rung3,none:0,233,0.5184680819511414
rung3,none:0,234,0.45416703820228577
rung3,none:0,235,0.8040541410446167
rung3,none:0,236,0.5950536727905273
rung3,none:0,237,0.1417522132396698
rung3,none:0,238,0.294157475233078
rung3,none:0,239,0.23144659399986267
rung3,none:0,240,0.34285569190979004
rung3,none:0,241,0.33284851908683777
rung3,none:0,242,0.5679490566253662
rung3,none:0,243,0.11577831953763962
rung3,none:0,244,0.07974468171596527
rung3,none:0,245,0.3343985080718994
rung3,none:0,246,0.4430783987045288
rung3,none:0,247,0.3411850333213806
rung3,none:0,248,0.3717363178730011
rung3,none:0,249,0.36452069878578186
rung3,none:0,250,0.20258161425590515
rung3,none:0,251,0.36710304021835327
rung3,none:0,252,0.3490751385688782
rung3,none:0,253,0.40562206506729126
rung3,none:0,254,1.2064549922943115
rung3,none:0,255,1.1993200778961182
rung3,none:0,256,1.0734461545944214
rung3,none:0,257,0.8304440975189209
rung3,none:0,258,0.3675992786884308
rung3,none:0,259,0.5331843495368958
rung3,none:0,260,0.8245384097099304
rung3,none:0,261,1.2707887887954712
rung3,none:0,262,2.034846305847168
rung3,none:0,263,2.065290927886963
rung3,none:0,264,0.810590386390686
rung3,none:0,265,0.42640650272369385
rung3,none:0,266,0.7207682132720947
rung3,none:0,267,0.808510422706604
rung3,none:0,268,0.5410072803497314
rung3,none:0,269,0.46120160818099976
rung3,none:0,270,0.26819756627082825
rung3,none:0,271,0.2526819109916687
rung3,none:0,272,0.16769355535507202
rung3,none:0,273,0.1424487978219986
rung3,none:0,274,0.412730872631073
rung3,none:0,275,0.3307380974292755
rung3,none:0,276,0.22436809539794922
rung3,none:0,277,0.33780592679977417
rung3,none:0,278,0.5234009623527527
rung3,none:0,279,0.2873495817184448
rung3,none:0,280,0.23321910202503204
rung3,none:0,281,0.30701279640197754
rung3,none:0,282,0.4514252841472626
rung3,none:0,283,0.4577913284301758
rung3,none:0,284,0.3351433277130127
rung3,none:0,285,0.413210391998291
rung3,none:0,286,0.6286838054656982
rung3,none:0,287,0.6882761716842651
rung3,none:0,288,0.5156691074371338
rung3,none:0,289,0.3327687680721283
rung3,none:0,290,0.5138880610466003
rung3,none:0,291,0.6081282496452332
rung3,none:0,292,0.6363824605941772
rung3,none:0,293,0.26879557967185974
rung3,none:0,294,0.2835543155670166
rung3,none:0,295,0.5302519798278809
rung3,none:0,296,0.5996893644332886
rung3,none:0,297,0.1606694608926773
rung3,none:0,298,0.33960890769958496
rung3,none:0,299,0.6984295845031738
rung3,none:0,300,0.7217661738395691
rung3,none:0,301,0.5514815449714661
rung3,none:0,302,0.8155328035354614
rung3,none:0,303,1.2390090227127075
rung3,none:0,304,1.4278334379196167
rung3,none:0,305,0.6436717510223389
rung3,none:0,306,0.5018821358680725
rung3,none:0,307,1.0996789932250977
rung3,none:0,308,1.2346125841140747
rung3,none:0,309,1.8434958457946777
rung3,none:0,310,0.9854527115821838
rung3,none:0,311,0.7126944065093994
rung3,none:0,312,1.077656865119934
rung3,none:0,313,0.9883734583854675
rung3,none:0,314,0.6050516366958618
rung3,none:0,315,0.8041738271713257
rung3,none:0,316,0.8207555413246155
rung3,none:0,317,1.3684372901916504
rung3,none:0,318,1.4077006578445435
rung3,none:0,319,1.296614408493042
rung3,none:0,320,0.9680706858634949
rung3,none:0,321,0.5222322940826416
rung3,none:0,322,0.03154538571834564
rung3,none:0,323,0.08456748723983765
rung3,none:0,324,0.1309887021780014
rung3,none:0,325,0.1622714251279831
rung3,none:0,326,0.18117691576480865
rung3,none:0,327,0.1948251873254776
rung3,none:0,328,0.30953994393348694
rung3,none:0,329,0.3977105915546417
rung3,none:0,330,0.6177573204040527
rung3,none:0,331,0.04250592738389969
rung3,none:0,332,0.0447227843105793
rung3,none:0,333,0.037970706820487976
rung3,none:0,334,0.07524722814559937
rung3,none:0,335,0.1343873292207718
rung3,none:0,336,0.2204141616821289
rung3,none:0,337,0.32671841979026794
rung3,none:0,338,0.29954075813293457
rung3,none:0,339,0.27350664138793945
rung3,none:0,340,0.5041784644126892
rung3,none:0,341,0.25855568051338196
rung3,none:0,342,0.28523126244544983
rung3,none:0,343,0.5055656433105469
rung3,none:0,344,0.35639655590057373
rung3,none:0,345,0.7449578642845154
rung3,none:0,346,1.3204869031906128
rung3,none:0,347,2.048341989517212
rung3,none:0,348,1.5619405508041382
rung3,none:0,349,1.4375115633010864
rung3,none:0,350,1.2630021572113037
rung3,none:0,351,1.5539591312408447
rung3,none:0,352,0.7754682898521423
rung3,none:0,353,0.820101797580719
rung3,none:0,354,0.529723584651947
rung3,none:0,355,0.6135748624801636
rung3,none:0,356,0.339907705783844
rung3,none:0,357,0.7130627036094666
rung3,none:0,358,1.2569622993469238
rung3,none:0,359,0.32907140254974365
rung3,none:0,360,0.7380229830741882
rung3,none:0,361,0.5686244368553162
rung3,none:0,362,0.7215161919593811
rung3,none:0,363,0.8917171955108643
rung3,none:0,364,0.7610716819763184
rung3,none:0,365,0.5598765015602112
rung3,none:0,366,0.46359536051750183
rung3,none:0,367,1.0437886714935303
rung3,none:0,368,0.6879621148109436
rung3,none:0,369,0.5648199915885925
rung3,none:0,370,0.656356930732727
rung3,none:0,371,0.5813766121864319
rung3,none:0,372,0.7558647990226746
rung3,none:0,373,0.6177027225494385
rung3,none:0,374,1.3717795610427856
rung3,none:0,375,1.3219935894012451
rung3,none:0,376,1.9521048069000244
rung3,none:0,377,1.9187812805175781
rung3,none:0,378,1.1411149501800537
rung3,none:0,379,0.6116564273834229
rung3,none:0,380,1.6954718828201294
rung3,none:0,381,4.197754859924316
rung3,none:0,382,2.5994138717651367
rung3,none:0,383,0.745521068572998
rung3,none:0,384,0.5764249563217163
rung3,none:0,385,0.5421509742736816
rung3,none:0,386,0.3947567343711853
rung3,none:0,387,0.3067089915275574
rung3,none:0,388,0.2988726794719696
rung3,none:0,389,0.20465517044067383
rung3,none:0,390,0.27633920311927795
rung3,none:0,391,0.4816102385520935
rung3,none:0,392,0.9830269813537598
rung3,none:0,393,0.8625060319900513
rung3,none:0,394,0.6463031768798828
rung3,none:0,395,0.42314112186431885
rung3,none:0,396,0.20115163922309875
rung3,none:0,397,0.1922108680009842
rung3,none:0,398,0.1892949789762497
rung3,none:0,399,0.6034618616104126
rung3,none:0,400,0.36957091093063354
rung3,none:0,401,0.7232123613357544
rung3,none:0,402,0.8195484280586243
rung3,none:0,403,0.4796123206615448
rung3,none:0,404,0.18675854802131653
rung3,none:0,405,0.46395450830459595
rung3,none:0,406,0.4144468903541565
rung3,none:0,407,0.5918657779693604
rung3,none:0,408,0.560584306716919
rung3,none:0,409,0.4357772469520569
rung3,none:0,410,0.17333397269248962
rung3,none:0,411,0.42732250690460205
rung3,none:0,412,0.29987940192222595
rung3,none:0,413,0.3265143930912018
rung3,none:0,414,0.6280670166015625
rung3,none:0,415,0.6609635949134827
rung3,none:0,416,0.508504331111908
rung3,none:0,417,0.21186144649982452
rung3,none:0,418,0.26792433857917786
rung3,none:0,419,0.5101253390312195
rung3,none:0,420,0.45291921496391296
rung3,none:0,421,0.16700321435928345
rung3,none:0,422,0.20398350059986115
rung3,none:0,423,0.3741554319858551
rung3,none:0,424,0.29136326909065247
rung3,none:0,425,0.18828879296779633
rung3,none:0,426,0.21426939964294434
rung3,none:0,427,0.7124727368354797
rung3,none:0,428,0.652808666229248
rung3,none:0,429,0.1984708607196808
rung3,none:0,430,0.15916651487350464
rung3,none:0,431,0.2931596636772156
rung3,none:0,432,0.33632802963256836
rung3,none:0,433,0.16514228284358978
rung3,none:0,434,0.20180121064186096
rung3,none:0,435,0.2277507781982422
rung3,none:0,436,0.5380034446716309
rung3,none:0,437,0.3992100954055786
rung3,none:0,438,0.1472659409046173
rung3,none:0,439,0.2694198489189148
rung3,none:0,440,0.5014190673828125
rung3,none:0,441,0.4539085328578949
rung3,none:0,442,0.20826926827430725
rung3,none:0,443,0.1784505993127823
rung3,none:0,444,0.18772825598716736
rung3,none:0,445,0.310707688331604
rung3,none:0,446,0.1669246256351471
rung3,none:0,447,0.1824340522289276
rung3,none:0,448,0.334280788898468
rung3,none:0,449,0.24079060554504395
rung3,none:0,450,0.2031480222940445
rung3,none:0,451,0.15632611513137817
rung3,none:0,452,0.31117743253707886
rung3,none:0,453,0.4453890025615692
rung3,none:0,454,0.18852835893630981
rung3,none:0,455,0.2486017942428589
rung3,none:0,456,0.47707539796829224
rung3,none:0,457,0.7379646301269531
rung3,none:0,458,1.066455602645874
rung3,none:0,459,1.3329516649246216
rung3,none:0,460,1.2827486991882324
rung3,none:0,461,0.8932207226753235
rung3,none:0,462,0.6615646481513977
rung3,none:0,463,1.377869725227356
rung3,none:0,464,1.2997978925704956
rung3,none:0,465,0.734134316444397
rung3,none:0,466,0.8389471769332886
rung3,none:0,467,0.8174467086791992
rung3,none:0,468,0.6007121801376343
rung3,none:0,469,0.9352160096168518
rung3,none:0,470,1.157651424407959
rung3,none:0,471,1.4632201194763184
rung3,none:0,472,1.9392354488372803
rung3,none:0,473,0.08083118498325348
rung3,none:0,474,0.0023260856978595257
rung3,none:0,475,0.0072733014822006226
rung3,none:0,476,0.006883783265948296
rung3,none:0,477,0.007722173351794481
rung3,none:0,478,0.07148855924606323
rung3,none:0,479,0.17146189510822296
rung3,camera:0.5,0,1.1187894344329834
rung3,camera:0.5,1,1.1057918071746826
rung3,camera:0.5,2,0.940488338470459
rung3,camera:0.5,3,0.7006871700286865
rung3,camera:0.5,4,0.4974361062049866
rung3,camera:0.5,5,0.5209429264068604
rung3,camera:0.5,6,0.3270823359489441
rung3,camera:0.5,7,0.5287620425224304
rung3,camera:0.5,8,0.31422674655914307
rung3,camera:0.5,9,0.1873207837343216
rung3,camera:0.5,10,0.6015699505805969
rung3,camera:0.5,11,0.47681325674057007
rung3,camera:0.5,12,0.37704893946647644
rung3,camera:0.5,13,0.26064375042915344
rung3,camera:0.5,14,0.325858473777771
rung3,camera:0.5,15,0.3206998407840729
rung3,camera:0.5,16,0.20223981142044067
rung3,camera:0.5,17,0.2406107783317566
rung3,camera:0.5,18,0.3901291787624359
rung3,camera:0.5,19,0.28609105944633484
rung3,camera:0.5,20,0.19113266468048096
rung3,camera:0.5,21,0.1877608448266983
rung3,camera:0.5,22,0.2785305976867676
rung3,camera:0.5,23,0.28324276208877563
rung3,camera:0.5,24,0.20869356393814087
rung3,camera:0.5,25,0.2496587038040161
rung3,camera:0.5,26,0.325493723154068
rung3,camera:0.5,27,0.42784562706947327
rung3,camera:0.5,28,0.29209285974502563
rung3,camera:0.5,29,0.22757871448993683
rung3,camera:0.5,30,0.2673727869987488
rung3,camera:0.5,31,0.37876057624816895
rung3,camera:0.5,32,0.40970683097839355
rung3,camera:0.5,33,0.2806730270385742
rung3,camera:0.5,34,0.30258703231811523
rung3,camera:0.5,35,0.4621884226799011
rung3,camera:0.5,36,0.3802848160266876
rung3,camera:0.5,37,0.13735902309417725
rung3,camera:0.5,38,0.20616623759269714
rung3,camera:0.5,39,0.4027697443962097
rung3,camera:0.5,40,0.38421499729156494
rung3,camera:0.5,41,0.15148481726646423
rung3,camera:0.5,42,0.2136405110359192
rung3,camera:0.5,43,0.3420810103416443
rung3,camera:0.5,44,0.37918367981910706
rung3,camera:0.5,45,0.13927970826625824
rung3,camera:0.5,46,0.20889094471931458
rung3,camera:0.5,47,0.478996217250824
rung3,camera:0.5,48,0.650847315788269
rung3,camera:0.5,49,0.5761504173278809
rung3,camera:0.5,50,0.694011926651001
rung3,camera:0.5,51,0.9855129718780518
rung3,camera:0.5,52,0.2342911660671234
rung3,camera:0.5,53,0.2007133960723877
rung3,camera:0.5,54,0.3738367557525635
rung3,camera:0.5,55,0.8748046159744263
rung3,camera:0.5,56,1.0279321670532227
rung3,camera:0.5,57,1.3314099311828613
rung3,camera:0.5,58,1.947927713394165
rung3,camera:0.5,59,1.3947460651397705
rung3,camera:0.5,60,1.1461153030395508
rung3,camera:0.5,61,1.3595216274261475
rung3,camera:0.5,62,0.4001915156841278
rung3,camera:0.5,63,0.6810967922210693
rung3,camera:0.5,64,0.8140857219696045
rung3,camera:0.5,65,1.2925946712493896
rung3,camera:0.5,66,1.3281807899475098
rung3,camera:0.5,67,1.5272165536880493
rung3,camera:0.5,68,1.9898393154144287
rung3,camera:0.5,69,2.1586687564849854
rung3,camera:0.5,70,2.2276599407196045
rung3,camera:0.5,71,0.5562042593955994
rung3,camera:0.5,72,0.7698610424995422
rung3,camera:0.5,73,0.7650091648101807
rung3,camera:0.5,74,0.5774512887001038
rung3,camera:0.5,75,0.4292791783809662
rung3,camera:0.5,76,0.654758095741272
rung3,camera:0.5,77,0.4359265863895416
rung3,camera:0.5,78,0.1808691769838333
rung3,camera:0.5,79,0.2236526608467102
rung3,camera:0.5,80,0.5286960601806641
rung3,camera:0.5,81,0.5158478617668152
rung3,camera:0.5,82,0.6868981122970581
rung3,camera:0.5,83,0.9307657480239868
rung3,camera:0.5,84,1.1326111555099487
rung3,camera:0.5,85,0.7781676054000854
rung3,camera:0.5,86,0.6908102035522461
rung3,camera:0.5,87,0.5968005657196045
rung3,camera:0.5,88,0.63626629114151
rung3,camera:0.5,89,0.5431545376777649
rung3,camera:0.5,90,0.8365743160247803
rung3,camera:0.5,91,0.5180575251579285
rung3,camera:0.5,92,0.4074462056159973
rung3,camera:0.5,93,0.20675033330917358
rung3,camera:0.5,94,0.11941666156053543
rung3,camera:0.5,95,0.15619882941246033
rung3,camera:0.5,96,0.17014381289482117
rung3,camera:0.5,97,0.3583730459213257
rung3,camera:0.5,98,0.29137343168258667
rung3,camera:0.5,99,0.22772514820098877
rung3,camera:0.5,100,0.37422841787338257
rung3,camera:0.5,101,0.5611865520477295
rung3,camera:0.5,102,0.45091164112091064
rung3,camera:0.5,103,0.07977628707885742
rung3,camera:0.5,104,0.23182861506938934
rung3,camera:0.5,105,0.4883822500705719
rung3,camera:0.5,106,0.39584869146347046
rung3,camera:0.5,107,0.11793597042560577
rung3,camera:0.5,108,0.2344469130039215
rung3,camera:0.5,109,0.4721585810184479
rung3,camera:0.5,110,0.41187405586242676
rung3,camera:0.5,111,0.08919136971235275
rung3,camera:0.5,112,0.1874862015247345
rung3,camera:0.5,113,0.38759878277778625
rung3,camera:0.5,114,0.36444395780563354
rung3,camera:0.5,115,0.11852434277534485
rung3,camera:0.5,116,0.1146399974822998
rung3,camera:0.5,117,0.32540595531463623
rung3,camera:0.5,118,0.3058305084705353
rung3,camera:0.5,119,0.23342365026474
rung3,camera:0.5,120,0.16149818897247314
rung3,camera:0.5,121,0.19171124696731567
rung3,camera:0.5,122,0.304301917552948
rung3,camera:0.5,123,0.18715986609458923
rung3,camera:0.5,124,0.20071563124656677
rung3,camera:0.5,125,0.143580824136734
rung3,camera:0.5,126,0.38065484166145325
rung3,camera:0.5,127,0.28624194860458374
rung3,camera:0.5,128,0.17225000262260437
rung3,camera:0.5,129,0.1975807547569275
rung3,camera:0.5,130,0.36418813467025757
rung3,camera:0.5,131,0.23260778188705444
rung3,camera:0.5,132,0.37174758315086365
rung3,camera:0.5,133,0.17753320932388306
rung3,camera:0.5,134,0.37685656547546387
rung3,camera:0.5,135,0.1941145658493042
rung3,camera:0.5,136,0.17459261417388916
rung3,camera:0.5,137,0.15250487625598907
rung3,camera:0.5,138,0.3574567437171936
rung3,camera:0.5,139,0.36387914419174194
rung3,camera:0.5,140,0.1722113937139511
rung3,camera:0.5,141,0.1813296377658844
rung3,camera:0.5,142,0.20986497402191162
rung3,camera:0.5,143,0.33181262016296387
rung3,camera:0.5,144,0.18141427636146545
rung3,camera:0.5,145,0.12496522068977356
rung3,camera:0.5,146,0.21412508189678192
rung3,camera:0.5,147,0.3871006965637207
rung3,camera:0.5,148,0.2986568808555603
rung3,camera:0.5,149,0.25620707869529724
rung3,camera:0.5,150,0.13869796693325043
rung3,camera:0.5,151,0.43254005908966064
rung3,camera:0.5,152,0.23598985373973846
rung3,camera:0.5,153,0.2902030348777771
rung3,camera:0.5,154,0.16000217199325562
rung3,camera:0.5,155,1.1149883270263672
rung3,camera:0.5,156,1.127737283706665
rung3,camera:0.5,157,0.9881919026374817
rung3,camera:0.5,158,0.914138913154602
rung3,camera:0.5,159,0.6322541236877441
rung3,camera:0.5,160,0.47346270084381104
rung3,camera:0.5,161,0.2801249325275421
rung3,camera:0.5,162,0.11181382834911346
rung3,camera:0.5,163,0.14559999108314514
rung3,camera:0.5,164,0.19763439893722534
rung3,camera:0.5,165,0.42073944211006165
rung3,camera:0.5,166,0.4811328649520874
rung3,camera:0.5,167,0.39214834570884705
rung3,camera:0.5,168,0.34461912512779236
rung3,camera:0.5,169,0.15015468001365662
rung3,camera:0.5,170,0.22255900502204895
rung3,camera:0.5,171,0.339265912771225
rung3,camera:0.5,172,0.5809158086776733
rung3,camera:0.5,173,1.3906843662261963
rung3,camera:0.5,174,0.816616952419281
rung3,camera:0.5,175,0.4781656861305237
rung3,camera:0.5,176,0.3861461281776428
rung3,camera:0.5,177,0.5685646533966064
rung3,camera:0.5,178,0.5524945855140686
rung3,camera:0.5,179,0.43690580129623413
rung3,camera:0.5,180,0.5059425830841064
rung3,camera:0.5,181,0.850156307220459
rung3,camera:0.5,182,0.6227152943611145
rung3,camera:0.5,183,0.48415881395339966
rung3,camera:0.5,184,0.6409258246421814
rung3,camera:0.5,185,0.43319767713546753
rung3,camera:0.5,186,0.25595617294311523
rung3,camera:0.5,187,0.3684020936489105
rung3,camera:0.5,188,0.5158514380455017
rung3,camera:0.5,189,0.46680015325546265
rung3,camera:0.5,190,0.5066756010055542
rung3,camera:0.5,191,0.42972496151924133
rung3,camera:0.5,192,0.47241416573524475
rung3,camera:0.5,193,0.5213221907615662
rung3,camera:0.5,194,0.4247426390647888
rung3,camera:0.5,195,0.6696529984474182
rung3,camera:0.5,196,0.3125724494457245
rung3,camera:0.5,197,0.6461771726608276
rung3,camera:0.5,198,0.8308400511741638
rung3,camera:0.5,199,0.7878069877624512
rung3,camera:0.5,200,1.2460802793502808
rung3,camera:0.5,201,1.4172734022140503
rung3,camera:0.5,202,1.6727185249328613
rung3,camera:0.5,203,0.8400005102157593
rung3,camera:0.5,204,1.082961082458496
rung3,camera:0.5,205,0.6334104537963867
rung3,camera:0.5,206,1.0052732229232788
rung3,camera:0.5,207,0.75075364112854
rung3,camera:0.5,208,0.43513691425323486
rung3,camera:0.5,209,0.7082346677780151
rung3,camera:0.5,210,0.9453555345535278
rung3,camera:0.5,211,1.0197880268096924
rung3,camera:0.5,212,1.7090253829956055
rung3,camera:0.5,213,0.7532457709312439
rung3,camera:0.5,214,0.5863989591598511
rung3,camera:0.5,215,3.6728553771972656
rung3,camera:0.5,216,3.2616353034973145
rung3,camera:0.5,217,0.8827298879623413
rung3,camera:0.5,218,0.7655854225158691
rung3,camera:0.5,219,0.4621298909187317
rung3,camera:0.5,220,0.703760027885437
rung3,camera:0.5,221,0.6803717613220215
rung3,camera:0.5,222,0.5507866144180298
rung3,camera:0.5,223,0.19605933129787445
rung3,camera:0.5,224,0.373688280582428
rung3,camera:0.5,225,0.7226365804672241
rung3,camera:0.5,226,1.0186384916305542
rung3,camera:0.5,227,0.696556568145752
rung3,camera:0.5,228,0.6751018762588501
rung3,camera:0.5,229,0.719789445400238
rung3,camera:0.5,230,0.7717949151992798
rung3,camera:0.5,231,0.5228173732757568
rung3,camera:0.5,232,0.5225571990013123
rung3,camera:0.5,233,0.5226093530654907
rung3,camera:0.5,234,0.5269695520401001
rung3,camera:0.5,235,0.8715773820877075
rung3,camera:0.5,236,0.6404946446418762
rung3,camera:0.5,237,0.17128267884254456
rung3,camera:0.5,238,0.27980127930641174
rung3,camera:0.5,239,0.12371239066123962
rung3,camera:0.5,240,0.40307819843292236
rung3,camera:0.5,241,0.30499863624572754
rung3,camera:0.5,242,0.5436673760414124
rung3,camera:0.5,243,0.08787642419338226
rung3,camera:0.5,244,0.16320326924324036
rung3,camera:0.5,245,0.32038092613220215
rung3,camera:0.5,246,0.4396928548812866
rung3,camera:0.5,247,0.2617610692977905
rung3,camera:0.5,248,0.23856106400489807
rung3,camera:0.5,249,0.3389261066913605
rung3,camera:0.5,250,0.14205732941627502
rung3,camera:0.5,251,0.350399911403656
rung3,camera:0.5,252,0.2772471308708191
rung3,camera:0.5,253,0.33483779430389404
rung3,camera:0.5,254,1.168276071548462
rung3,camera:0.5,255,1.194214105606079
rung3,camera:0.5,256,1.038621187210083
rung3,camera:0.5,257,0.8510246276855469
rung3,camera:0.5,258,0.36031702160835266
rung3,camera:0.5,259,0.5237093567848206
rung3,camera:0.5,260,0.8543221354484558
rung3,camera:0.5,261,1.3570735454559326
rung3,camera:0.5,262,2.1364407539367676
rung3,camera:0.5,263,2.202824831008911
rung3,camera:0.5,264,0.774646520614624
rung3,camera:0.5,265,0.43062537908554077
rung3,camera:0.5,266,0.753593921661377
rung3,camera:0.5,267,0.8489958047866821
rung3,camera:0.5,268,0.6147993206977844
rung3,camera:0.5,269,0.4394615888595581
rung3,camera:0.5,270,0.23963487148284912
rung3,camera:0.5,271,0.25484955310821533
rung3,camera:0.5,272,0.146372988820076
rung3,camera:0.5,273,0.14892183244228363
rung3,camera:0.5,274,0.549467921257019
rung3,camera:0.5,275,0.40020161867141724
rung3,camera:0.5,276,0.1708935797214508
rung3,camera:0.5,277,0.3920818865299225
rung3,camera:0.5,278,0.5340635776519775
rung3,camera:0.5,279,0.23065654933452606
rung3,camera:0.5,280,0.1793874055147171
rung3,camera:0.5,281,0.3096531629562378
rung3,camera:0.5,282,0.4545292258262634
rung3,camera:0.5,283,0.4211794137954712
rung3,camera:0.5,284,0.2766900360584259
rung3,camera:0.5,285,0.41294512152671814
rung3,camera:0.5,286,0.6255517601966858
rung3,camera:0.5,287,0.6167558431625366
rung3,camera:0.5,288,0.45331114530563354
rung3,camera:0.5,289,0.2333901971578598
rung3,camera:0.5,290,0.451812744140625
rung3,camera:0.5,291,0.6120084524154663
rung3,camera:0.5,292,0.5734208822250366
rung3,camera:0.5,293,0.28099411725997925
rung3,camera:0.5,294,0.2920376658439636
rung3,camera:0.5,295,0.5334574580192566
rung3,camera:0.5,296,0.4406968057155609
rung3,camera:0.5,297,0.1306004822254181
rung3,camera:0.5,298,0.34135735034942627
rung3,camera:0.5,299,0.7675309777259827
rung3,camera:0.5,300,0.7215932607650757
rung3,camera:0.5,301,0.502570629119873
rung3,camera:0.5,302,0.7790877223014832
rung3,camera:0.5,303,1.3051308393478394
rung3,camera:0.5,304,1.4275799989700317
rung3,camera:0.5,305,0.6370429396629333
rung3,camera:0.5,306,0.5025107860565186
rung3,camera:0.5,307,0.9177624583244324
rung3,camera:0.5,308,1.2739005088806152
rung3,camera:0.5,309,1.984450101852417
rung3,camera:0.5,310,0.941811740398407
rung3,camera:0.5,311,0.7895524501800537
rung3,camera:0.5,312,1.658563256263733
rung3,camera:0.5,313,0.812602698802948
rung3,camera:0.5,314,0.5868550539016724
rung3,camera:0.5,315,0.5914907455444336
rung3,camera:0.5,316,0.7558087706565857
rung3,camera:0.5,317,1.1523112058639526
rung3,camera:0.5,318,1.3652268648147583
rung3,camera:0.5,319,1.2693965435028076
rung3,camera:0.5,320,0.9899064302444458
rung3,camera:0.5,321,0.49006444215774536
rung3,camera:0.5,322,0.02919798344373703
rung3,camera:0.5,323,0.08552765846252441
rung3,camera:0.5,324,0.13494274020195007
rung3,camera:0.5,325,0.14680837094783783
rung3,camera:0.5,326,0.19255532324314117
rung3,camera:0.5,327,0.20023052394390106
rung3,camera:0.5,328,0.3697500228881836
rung3,camera:0.5,329,0.3857370913028717
rung3,camera:0.5,330,0.574629008769989
rung3,camera:0.5,331,0.03920843452215195
rung3,camera:0.5,332,0.043665722012519836
rung3,camera:0.5,333,0.029365528374910355
rung3,camera:0.5,334,0.07051773369312286
rung3,camera:0.5,335,0.13412176072597504
rung3,camera:0.5,336,0.20639866590499878
rung3,camera:0.5,337,0.34121179580688477
rung3,camera:0.5,338,0.34177982807159424
rung3,camera:0.5,339,0.17856328189373016
rung3,camera:0.5,340,0.3323964774608612
rung3,camera:0.5,341,0.36561959981918335
rung3,camera:0.5,342,0.6104207634925842
rung3,camera:0.5,343,0.49430063366889954
rung3,camera:0.5,344,0.35520225763320923
rung3,camera:0.5,345,0.7470929622650146
rung3,camera:0.5,346,1.3134266138076782
rung3,camera:0.5,347,2.1037518978118896
rung3,camera:0.5,348,1.9034385681152344
rung3,camera:0.5,349,1.5244945287704468
rung3,camera:0.5,350,1.2775883674621582
rung3,camera:0.5,351,1.779666543006897
rung3,camera:0.5,352,0.7868675589561462
rung3,camera:0.5,353,0.8115512728691101
rung3,camera:0.5,354,0.5405312776565552
rung3,camera:0.5,355,0.8739667534828186
rung3,camera:0.5,356,0.2791324555873871
rung3,camera:0.5,357,1.1921579837799072
rung3,camera:0.5,358,1.1840888261795044
rung3,camera:0.5,359,0.2728234827518463
rung3,camera:0.5,360,0.6794261932373047
rung3,camera:0.5,361,0.5456445813179016
rung3,camera:0.5,362,0.6789214611053467
rung3,camera:0.5,363,0.8728123903274536
rung3,camera:0.5,364,0.8000643253326416
rung3,camera:0.5,365,0.6209734678268433
rung3,camera:0.5,366,0.4074048399925232
rung3,camera:0.5,367,0.9527063369750977
rung3,camera:0.5,368,0.6963191032409668
rung3,camera:0.5,369,0.5601444244384766
rung3,camera:0.5,370,0.498966783285141
rung3,camera:0.5,371,0.3547276258468628
rung3,camera:0.5,372,0.8458380699157715
rung3,camera:0.5,373,0.6660768985748291
rung3,camera:0.5,374,1.5514785051345825
rung3,camera:0.5,375,1.424271821975708
rung3,camera:0.5,376,2.024888515472412
rung3,camera:0.5,377,1.945761799812317
rung3,camera:0.5,378,1.4225091934204102
rung3,camera:0.5,379,0.6374562978744507
rung3,camera:0.5,380,1.7454619407653809
rung3,camera:0.5,381,3.953705310821533
rung3,camera:0.5,382,2.312699556350708
rung3,camera:0.5,383,0.6362476348876953
rung3,camera:0.5,384,0.7825585603713989
rung3,camera:0.5,385,0.8576780557632446
rung3,camera:0.5,386,0.2765435576438904
rung3,camera:0.5,387,0.1537366509437561
rung3,camera:0.5,388,0.48196637630462646
rung3,camera:0.5,389,0.255001962184906
rung3,camera:0.5,390,0.3058703541755676
rung3,camera:0.5,391,0.46361690759658813
rung3,camera:0.5,392,0.9355769157409668
rung3,camera:0.5,393,0.8872053623199463
rung3,camera:0.5,394,0.6749297380447388
rung3,camera:0.5,395,0.4268237054347992
rung3,camera:0.5,396,0.1998419314622879
rung3,camera:0.5,397,0.26009899377822876
rung3,camera:0.5,398,0.18968386948108673
rung3,camera:0.5,399,0.7436137199401855
rung3,camera:0.5,400,0.649053156375885
rung3,camera:0.5,401,1.073241949081421
rung3,camera:0.5,402,1.3125052452087402
rung3,camera:0.5,403,0.9701371788978577
rung3,camera:0.5,404,0.26610881090164185
rung3,camera:0.5,405,0.17428471148014069
rung3,camera:0.5,406,0.7857028841972351
rung3,camera:0.5,407,0.7320454120635986
rung3,camera:0.5,408,0.2783089280128479
rung3,camera:0.5,409,0.23101229965686798
rung3,camera:0.5,410,0.1692163497209549
rung3,camera:0.5,411,0.39005398750305176
rung3,camera:0.5,412,0.25782015919685364
rung3,camera:0.5,413,0.2921800911426544
rung3,camera:0.5,414,0.6896615028381348
rung3,camera:0.5,415,0.7291569113731384
rung3,camera:0.5,416,0.4941979646682739
rung3,camera:0.5,417,0.1830158829689026
rung3,camera:0.5,418,0.35338667035102844
rung3,camera:0.5,419,0.5404012799263
rung3,camera:0.5,420,0.4358305037021637
rung3,camera:0.5,421,0.16192825138568878
rung3,camera:0.5,422,0.19644662737846375
rung3,camera:0.5,423,0.6752767562866211
rung3,camera:0.5,424,0.29146409034729004
rung3,camera:0.5,425,0.18269702792167664
rung3,camera:0.5,426,0.22334198653697968
rung3,camera:0.5,427,0.7860187888145447
rung3,camera:0.5,428,0.6539407968521118
rung3,camera:0.5,429,0.1780092418193817
rung3,camera:0.5,430,0.13479794561862946
rung3,camera:0.5,431,0.40186065435409546
rung3,camera:0.5,432,0.34723612666130066
rung3,camera:0.5,433,0.19943097233772278
rung3,camera:0.5,434,0.2590388059616089
rung3,camera:0.5,435,0.24351486563682556
rung3,camera:0.5,436,0.537506103515625
rung3,camera:0.5,437,0.3639756441116333
rung3,camera:0.5,438,0.14922547340393066
rung3,camera:0.5,439,0.22811010479927063
rung3,camera:0.5,440,0.5642033815383911
rung3,camera:0.5,441,0.4951188266277313
rung3,camera:0.5,442,0.20736682415008545
rung3,camera:0.5,443,0.17230911552906036
rung3,camera:0.5,444,0.25092512369155884
rung3,camera:0.5,445,0.36180704832077026
rung3,camera:0.5,446,0.17230689525604248
rung3,camera:0.5,447,0.18298757076263428
rung3,camera:0.5,448,0.5167200565338135
rung3,camera:0.5,449,0.27575910091400146
rung3,camera:0.5,450,0.17297640442848206
rung3,camera:0.5,451,0.15754346549510956
rung3,camera:0.5,452,0.367559015750885
rung3,camera:0.5,453,0.47118881344795227
rung3,camera:0.5,454,0.20794321596622467
rung3,camera:0.5,455,0.2602032721042633
rung3,camera:0.5,456,0.4777810573577881
rung3,camera:0.5,457,0.7556783556938171
rung3,camera:0.5,458,1.0437051057815552
rung3,camera:0.5,459,1.2985501289367676
rung3,camera:0.5,460,1.313948154449463
rung3,camera:0.5,461,0.8634365797042847
rung3,camera:0.5,462,0.52126544713974
rung3,camera:0.5,463,1.3314160108566284
rung3,camera:0.5,464,1.0879203081130981
rung3,camera:0.5,465,0.7049596309661865
rung3,camera:0.5,466,0.7073349952697754
rung3,camera:0.5,467,0.5886291861534119
rung3,camera:0.5,468,0.5167354941368103
rung3,camera:0.5,469,0.8846852779388428
rung3,camera:0.5,470,1.0948076248168945
rung3,camera:0.5,471,1.3435454368591309
rung3,camera:0.5,472,2.0400631427764893
rung3,camera:0.5,473,0.08230270445346832
rung3,camera:0.5,474,0.007891512475907803
rung3,camera:0.5,475,0.0050696711987257
rung3,camera:0.5,476,0.012485354207456112
rung3,camera:0.5,477,0.014827946200966835
rung3,camera:0.5,478,0.07410852611064911
rung3,camera:0.5,479,0.1717768758535385
rung3,camera:1.0,0,1.128469705581665
rung3,camera:1.0,1,1.110076665878296
rung3,camera:1.0,2,0.9168883562088013
rung3,camera:1.0,3,0.645891010761261
rung3,camera:1.0,4,0.46775633096694946
rung3,camera:1.0,5,0.3643817901611328
rung3,camera:1.0,6,0.2800945043563843
rung3,camera:1.0,7,0.7058845162391663
rung3,camera:1.0,8,0.32646164298057556
rung3,camera:1.0,9,0.2150036096572876
rung3,camera:1.0,10,0.17656797170639038
rung3,camera:1.0,11,0.48006948828697205
rung3,camera:1.0,12,0.3792579472064972
rung3,camera:1.0,13,0.2567625641822815
rung3,camera:1.0,14,0.33154699206352234
rung3,camera:1.0,15,0.3215397596359253
rung3,camera:1.0,16,0.20070669054985046
rung3,camera:1.0,17,0.2907979488372803
rung3,camera:1.0,18,0.3875395357608795
rung3,camera:1.0,19,0.34037551283836365
rung3,camera:1.0,20,0.20038792490959167
rung3,camera:1.0,21,0.20011216402053833
rung3,camera:1.0,22,0.2704828679561615
rung3,camera:1.0,23,0.28769609332084656
rung3,camera:1.0,24,0.20875239372253418
rung3,camera:1.0,25,0.2555774748325348
rung3,camera:1.0,26,0.3241961598396301
rung3,camera:1.0,27,0.427861750125885
rung3,camera:1.0,28,0.2864128649234772
rung3,camera:1.0,29,0.23088601231575012
rung3,camera:1.0,30,0.2666233777999878
rung3,camera:1.0,31,0.4481721520423889
rung3,camera:1.0,32,0.3402751088142395
rung3,camera:1.0,33,0.22223344445228577
rung3,camera:1.0,34,0.24319586157798767
rung3,camera:1.0,35,0.46214431524276733
rung3,camera:1.0,36,0.4349747598171234
rung3,camera:1.0,37,0.1373417228460312
rung3,camera:1.0,38,0.20609301328659058
rung3,camera:1.0,39,0.4026850163936615
rung3,camera:1.0,40,0.38411182165145874
rung3,camera:1.0,41,0.15154403448104858
rung3,camera:1.0,42,0.21384277939796448
rung3,camera:1.0,43,0.3423622250556946
rung3,camera:1.0,44,0.37917134165763855
rung3,camera:1.0,45,0.08990175276994705
rung3,camera:1.0,46,0.2091194987297058
rung3,camera:1.0,47,0.4789969027042389
rung3,camera:1.0,48,0.6509908437728882
rung3,camera:1.0,49,0.5767256617546082
rung3,camera:1.0,50,0.660658597946167
rung3,camera:1.0,51,0.9270045757293701
rung3,camera:1.0,52,0.20636819303035736
rung3,camera:1.0,53,0.19572114944458008
rung3,camera:1.0,54,0.5003509521484375
rung3,camera:1.0,55,1.3797383308410645
rung3,camera:1.0,56,1.0756924152374268
rung3,camera:1.0,57,1.273230791091919
rung3,camera:1.0,58,1.501401424407959
rung3,camera:1.0,59,1.3009119033813477
rung3,camera:1.0,60,1.0977897644042969
rung3,camera:1.0,61,1.1483500003814697
rung3,camera:1.0,62,0.8609099984169006
rung3,camera:1.0,63,0.569239616394043
rung3,camera:1.0,64,0.8027392625808716
rung3,camera:1.0,65,1.3101799488067627
rung3,camera:1.0,66,1.3875082731246948
rung3,camera:1.0,67,1.643865704536438
rung3,camera:1.0,68,2.2475223541259766
rung3,camera:1.0,69,1.609074592590332
rung3,camera:1.0,70,1.7118226289749146
rung3,camera:1.0,71,0.49935057759284973
rung3,camera:1.0,72,0.8656874895095825
rung3,camera:1.0,73,0.8305218815803528
rung3,camera:1.0,74,0.8049346804618835
rung3,camera:1.0,75,0.49180036783218384
rung3,camera:1.0,76,0.5547572374343872
rung3,camera:1.0,77,0.42468786239624023
rung3,camera:1.0,78,0.16658394038677216
rung3,camera:1.0,79,0.26204371452331543
rung3,camera:1.0,80,0.5562849640846252
rung3,camera:1.0,81,0.5192137956619263
rung3,camera:1.0,82,0.6580018997192383
rung3,camera:1.0,83,0.9523010849952698
rung3,camera:1.0,84,1.1194844245910645
rung3,camera:1.0,85,0.8553996086120605
rung3,camera:1.0,86,0.7426614761352539
rung3,camera:1.0,87,0.5245468020439148
rung3,camera:1.0,88,0.6196100115776062
rung3,camera:1.0,89,0.5443084239959717
rung3,camera:1.0,90,0.7360712289810181
rung3,camera:1.0,91,0.4838521480560303
rung3,camera:1.0,92,0.4361838698387146
rung3,camera:1.0,93,0.21189159154891968
rung3,camera:1.0,94,0.14317971467971802
rung3,camera:1.0,95,0.11532102525234222
rung3,camera:1.0,96,0.15441492199897766
rung3,camera:1.0,97,0.288241446018219
rung3,camera:1.0,98,0.275910347700119
rung3,camera:1.0,99,0.227052703499794
rung3,camera:1.0,100,0.37419456243515015
rung3,camera:1.0,101,0.5613519549369812
rung3,camera:1.0,102,0.4504659175872803
rung3,camera:1.0,103,0.12043338268995285
rung3,camera:1.0,104,0.23118343949317932
rung3,camera:1.0,105,0.4177857041358948
rung3,camera:1.0,106,0.3949221670627594
rung3,camera:1.0,107,0.07885761559009552
rung3,camera:1.0,108,0.23298898339271545
rung3,camera:1.0,109,0.47178956866264343
rung3,camera:1.0,110,0.3576209843158722
rung3,camera:1.0,111,0.08988505601882935
rung3,camera:1.0,112,0.18657369911670685
rung3,camera:1.0,113,0.38757550716400146
rung3,camera:1.0,114,0.36419305205345154
rung3,camera:1.0,115,0.14394402503967285
rung3,camera:1.0,116,0.10339415073394775
rung3,camera:1.0,117,0.33997654914855957
rung3,camera:1.0,118,0.30567359924316406
rung3,camera:1.0,119,0.22689740359783173
rung3,camera:1.0,120,0.15818361937999725
rung3,camera:1.0,121,0.2013416290283203
rung3,camera:1.0,122,0.3039681911468506
rung3,camera:1.0,123,0.18664732575416565
rung3,camera:1.0,124,0.18126234412193298
rung3,camera:1.0,125,0.1410077065229416
rung3,camera:1.0,126,0.37810856103897095
rung3,camera:1.0,127,0.2884274125099182
rung3,camera:1.0,128,0.21370556950569153
rung3,camera:1.0,129,0.15779349207878113
rung3,camera:1.0,130,0.3658592998981476
rung3,camera:1.0,131,0.1774284541606903
rung3,camera:1.0,132,0.41853228211402893
rung3,camera:1.0,133,0.13165676593780518
rung3,camera:1.0,134,0.3174351155757904
rung3,camera:1.0,135,0.2126876562833786
rung3,camera:1.0,136,0.22494734823703766
rung3,camera:1.0,137,0.14118048548698425
rung3,camera:1.0,138,0.3545893728733063
rung3,camera:1.0,139,0.3051106929779053
rung3,camera:1.0,140,0.1948593556880951
rung3,camera:1.0,141,0.2265142798423767
rung3,camera:1.0,142,0.22586336731910706
rung3,camera:1.0,143,0.3333587050437927
rung3,camera:1.0,144,0.2483939826488495
rung3,camera:1.0,145,0.1466098129749298
rung3,camera:1.0,146,0.22300474345684052
rung3,camera:1.0,147,0.38976389169692993
rung3,camera:1.0,148,0.3031020760536194
rung3,camera:1.0,149,0.18239399790763855
rung3,camera:1.0,150,0.14677166938781738
rung3,camera:1.0,151,0.42316287755966187
rung3,camera:1.0,152,0.2411486655473709
rung3,camera:1.0,153,0.294562429189682
rung3,camera:1.0,154,0.21442654728889465
rung3,camera:1.0,155,1.1713865995407104
rung3,camera:1.0,156,1.1404507160186768
rung3,camera:1.0,157,0.9839357137680054
rung3,camera:1.0,158,0.8796308040618896
rung3,camera:1.0,159,0.6558334827423096
rung3,camera:1.0,160,0.502678394317627
rung3,camera:1.0,161,0.24647817015647888
rung3,camera:1.0,162,0.10748371481895447
rung3,camera:1.0,163,0.23114405572414398
rung3,camera:1.0,164,0.1995643973350525
rung3,camera:1.0,165,0.5240235924720764
rung3,camera:1.0,166,0.4203411936759949
rung3,camera:1.0,167,0.35418105125427246
rung3,camera:1.0,168,0.32087916135787964
rung3,camera:1.0,169,0.228061705827713
rung3,camera:1.0,170,0.22237591445446014
rung3,camera:1.0,171,0.17603392899036407
rung3,camera:1.0,172,0.49412184953689575
rung3,camera:1.0,173,1.3911592960357666
rung3,camera:1.0,174,0.6757121086120605
rung3,camera:1.0,175,0.281337708234787
rung3,camera:1.0,176,0.35326993465423584
rung3,camera:1.0,177,0.6084414720535278
rung3,camera:1.0,178,0.41777104139328003
rung3,camera:1.0,179,0.30213212966918945
rung3,camera:1.0,180,0.5079789161682129
rung3,camera:1.0,181,0.9211684465408325
rung3,camera:1.0,182,0.3463365435600281
rung3,camera:1.0,183,0.3424457013607025
rung3,camera:1.0,184,0.7087817788124084
rung3,camera:1.0,185,0.3113657832145691
rung3,camera:1.0,186,0.10580688714981079
rung3,camera:1.0,187,0.29811301827430725
rung3,camera:1.0,188,0.3790244460105896
rung3,camera:1.0,189,0.28591257333755493
rung3,camera:1.0,190,0.5062371492385864
rung3,camera:1.0,191,0.35761016607284546
rung3,camera:1.0,192,0.23830440640449524
rung3,camera:1.0,193,0.40825268626213074
rung3,camera:1.0,194,0.2622804343700409
rung3,camera:1.0,195,0.9545106887817383
rung3,camera:1.0,196,0.4411650002002716
rung3,camera:1.0,197,0.575846254825592
rung3,camera:1.0,198,0.8423429727554321
rung3,camera:1.0,199,0.6905680894851685
rung3,camera:1.0,200,1.3141595125198364
rung3,camera:1.0,201,1.236410140991211
rung3,camera:1.0,202,0.7242100238800049
rung3,camera:1.0,203,0.7221500277519226
rung3,camera:1.0,204,0.8365689516067505
rung3,camera:1.0,205,0.578610360622406
rung3,camera:1.0,206,0.910287618637085
rung3,camera:1.0,207,0.6391909122467041
rung3,camera:1.0,208,0.37162646651268005
rung3,camera:1.0,209,0.6986578106880188
rung3,camera:1.0,210,1.06417977809906
rung3,camera:1.0,211,1.0920395851135254
rung3,camera:1.0,212,1.7037553787231445
rung3,camera:1.0,213,0.8559739589691162
rung3,camera:1.0,214,1.0891554355621338
rung3,camera:1.0,215,4.362857341766357
rung3,camera:1.0,216,2.1404402256011963
rung3,camera:1.0,217,0.60183185338974
rung3,camera:1.0,218,0.6682325601577759
rung3,camera:1.0,219,0.5435442328453064
rung3,camera:1.0,220,0.7589762210845947
rung3,camera:1.0,221,0.5085322260856628
rung3,camera:1.0,222,0.4730503559112549
rung3,camera:1.0,223,0.35793817043304443
rung3,camera:1.0,224,0.4046632647514343
rung3,camera:1.0,225,0.6659750938415527
rung3,camera:1.0,226,0.9596582055091858
rung3,camera:1.0,227,0.6601566076278687
rung3,camera:1.0,228,0.7152236700057983
rung3,camera:1.0,229,0.731850266456604
rung3,camera:1.0,230,0.8427729606628418
rung3,camera:1.0,231,0.5261900424957275
rung3,camera:1.0,232,0.6456917524337769
rung3,camera:1.0,233,0.5705563426017761
rung3,camera:1.0,234,0.43996670842170715
rung3,camera:1.0,235,0.8726796507835388
rung3,camera:1.0,236,0.5652593374252319
rung3,camera:1.0,237,0.21153497695922852
rung3,camera:1.0,238,0.2821277678012848
rung3,camera:1.0,239,0.555368185043335
rung3,camera:1.0,240,0.7271268367767334
rung3,camera:1.0,241,0.2852817475795746
rung3,camera:1.0,242,0.5371816158294678
rung3,camera:1.0,243,0.12565083801746368
rung3,camera:1.0,244,0.22547198832035065
rung3,camera:1.0,245,0.33537396788597107
rung3,camera:1.0,246,0.4498233199119568
rung3,camera:1.0,247,0.22747361660003662
rung3,camera:1.0,248,0.20790331065654755
rung3,camera:1.0,249,0.25049251317977905
rung3,camera:1.0,250,0.48018407821655273
rung3,camera:1.0,251,0.21330499649047852
rung3,camera:1.0,252,0.24942651391029358
rung3,camera:1.0,253,0.35630834102630615
rung3,camera:1.0,254,1.144111156463623
rung3,camera:1.0,255,1.2118911743164062
rung3,camera:1.0,256,1.0366690158843994
rung3,camera:1.0,257,0.8084307909011841
rung3,camera:1.0,258,0.36365240812301636
rung3,camera:1.0,259,0.5129275918006897
rung3,camera:1.0,260,0.8204905986785889
rung3,camera:1.0,261,1.32615327835083
rung3,camera:1.0,262,2.099761486053467
rung3,camera:1.0,263,2.236283779144287
rung3,camera:1.0,264,0.776977002620697
rung3,camera:1.0,265,0.5928171277046204
rung3,camera:1.0,266,1.0827312469482422
rung3,camera:1.0,267,0.8787047266960144
rung3,camera:1.0,268,0.6450177431106567
rung3,camera:1.0,269,0.4450507164001465
rung3,camera:1.0,270,0.2717098593711853
rung3,camera:1.0,271,0.2065618634223938
rung3,camera:1.0,272,0.7798161506652832
rung3,camera:1.0,273,0.25584813952445984
rung3,camera:1.0,274,0.4805169105529785
rung3,camera:1.0,275,0.2671810984611511
rung3,camera:1.0,276,0.17178212106227875
rung3,camera:1.0,277,0.410356342792511
rung3,camera:1.0,278,0.590363621711731
rung3,camera:1.0,279,0.13323521614074707
rung3,camera:1.0,280,0.17581647634506226
rung3,camera:1.0,281,0.2583532929420471
rung3,camera:1.0,282,0.3906913101673126
rung3,camera:1.0,283,0.32071539759635925
rung3,camera:1.0,284,0.17700032889842987
rung3,camera:1.0,285,0.28147077560424805
rung3,camera:1.0,286,0.5596257448196411
rung3,camera:1.0,287,0.40802448987960815
rung3,camera:1.0,288,0.24477547407150269
rung3,camera:1.0,289,0.1642501950263977
rung3,camera:1.0,290,0.40057122707366943
rung3,camera:1.0,291,0.5444913506507874
rung3,camera:1.0,292,0.4442225694656372
rung3,camera:1.0,293,0.17997580766677856
rung3,camera:1.0,294,0.25018131732940674
rung3,camera:1.0,295,0.46969589591026306
rung3,camera:1.0,296,0.3960515260696411
rung3,camera:1.0,297,0.21144643425941467
rung3,camera:1.0,298,0.2852790057659149
rung3,camera:1.0,299,0.6982847452163696
rung3,camera:1.0,300,0.7916985750198364
rung3,camera:1.0,301,0.3020535707473755
rung3,camera:1.0,302,0.7254515290260315
rung3,camera:1.0,303,1.3089184761047363
rung3,camera:1.0,304,1.2551300525665283
rung3,camera:1.0,305,0.6441600322723389
rung3,camera:1.0,306,0.3791963756084442
rung3,camera:1.0,307,0.9673552513122559
rung3,camera:1.0,308,1.1964191198349
rung3,camera:1.0,309,1.7913228273391724
rung3,camera:1.0,310,1.009140133857727
rung3,camera:1.0,311,1.0420072078704834
rung3,camera:1.0,312,2.0071914196014404
rung3,camera:1.0,313,0.6702766418457031
rung3,camera:1.0,314,0.6350733041763306
rung3,camera:1.0,315,0.4688471555709839
rung3,camera:1.0,316,0.5537749528884888
rung3,camera:1.0,317,0.9226045608520508
rung3,camera:1.0,318,1.1572283506393433
rung3,camera:1.0,319,1.1874809265136719
rung3,camera:1.0,320,0.9418899416923523
rung3,camera:1.0,321,0.44621846079826355
rung3,camera:1.0,322,0.038689859211444855
rung3,camera:1.0,323,0.11272116750478745
rung3,camera:1.0,324,0.13771703839302063
rung3,camera:1.0,325,0.14889179170131683
rung3,camera:1.0,326,0.1808125078678131
rung3,camera:1.0,327,0.19743071496486664
rung3,camera:1.0,328,0.2859989106655121
rung3,camera:1.0,329,0.1638319045305252
rung3,camera:1.0,330,0.4760318100452423
rung3,camera:1.0,331,0.057876065373420715
rung3,camera:1.0,332,0.055139511823654175
rung3,camera:1.0,333,0.04498768597841263
rung3,camera:1.0,334,0.08075495064258575
rung3,camera:1.0,335,0.12799927592277527
rung3,camera:1.0,336,0.217303067445755
rung3,camera:1.0,337,0.3464359641075134
rung3,camera:1.0,338,0.36125919222831726
rung3,camera:1.0,339,0.1756514012813568
rung3,camera:1.0,340,0.17903472483158112
rung3,camera:1.0,341,0.5016117095947266
rung3,camera:1.0,342,0.4475720524787903
rung3,camera:1.0,343,0.48279961943626404
rung3,camera:1.0,344,0.36523884534835815
rung3,camera:1.0,345,0.7505322694778442
rung3,camera:1.0,346,1.317840337753296
rung3,camera:1.0,347,2.123845100402832
rung3,camera:1.0,348,2.302910566329956
rung3,camera:1.0,349,1.6568983793258667
rung3,camera:1.0,350,1.250732421875
rung3,camera:1.0,351,1.8296284675598145
rung3,camera:1.0,352,0.8766396045684814
rung3,camera:1.0,353,0.8494378328323364
rung3,camera:1.0,354,0.46089011430740356
rung3,camera:1.0,355,0.820245623588562
rung3,camera:1.0,356,0.2901599705219269
rung3,camera:1.0,357,1.3373613357543945
rung3,camera:1.0,358,1.1843574047088623
rung3,camera:1.0,359,0.5235439538955688
rung3,camera:1.0,360,0.931521475315094
rung3,camera:1.0,361,0.5673364400863647
rung3,camera:1.0,362,0.7066165208816528
rung3,camera:1.0,363,0.8378052711486816
rung3,camera:1.0,364,0.6865056157112122
rung3,camera:1.0,365,0.49804189801216125
rung3,camera:1.0,366,0.44152599573135376
rung3,camera:1.0,367,0.9209288358688354
rung3,camera:1.0,368,0.6020025014877319
rung3,camera:1.0,369,0.65891033411026
rung3,camera:1.0,370,0.2930391728878021
rung3,camera:1.0,371,0.31732529401779175
rung3,camera:1.0,372,0.987519383430481
rung3,camera:1.0,373,0.5985194444656372
rung3,camera:1.0,374,1.1834359169006348
rung3,camera:1.0,375,1.2682708501815796
rung3,camera:1.0,376,1.6257524490356445
rung3,camera:1.0,377,2.0335543155670166
rung3,camera:1.0,378,2.0807104110717773
rung3,camera:1.0,379,0.7045221328735352
rung3,camera:1.0,380,1.2888904809951782
rung3,camera:1.0,381,4.059761047363281
rung3,camera:1.0,382,2.011007308959961
rung3,camera:1.0,383,0.6849613189697266
rung3,camera:1.0,384,0.4080182909965515
rung3,camera:1.0,385,0.27662792801856995
rung3,camera:1.0,386,0.24051149189472198
rung3,camera:1.0,387,0.4939225912094116
rung3,camera:1.0,388,0.31344178318977356
rung3,camera:1.0,389,0.8205152750015259
rung3,camera:1.0,390,0.7193369269371033
rung3,camera:1.0,391,0.8010365962982178
rung3,camera:1.0,392,0.9592270255088806
rung3,camera:1.0,393,0.8871710300445557
rung3,camera:1.0,394,0.7063260078430176
rung3,camera:1.0,395,0.4403512477874756
rung3,camera:1.0,396,0.35829904675483704
rung3,camera:1.0,397,0.4346497654914856
rung3,camera:1.0,398,0.43635115027427673
rung3,camera:1.0,399,1.059516191482544
rung3,camera:1.0,400,1.1048321723937988
rung3,camera:1.0,401,1.5348255634307861
rung3,camera:1.0,402,1.6981054544448853
rung3,camera:1.0,403,1.3568928241729736
rung3,camera:1.0,404,0.670673131942749
rung3,camera:1.0,405,0.5049661993980408
rung3,camera:1.0,406,1.4087636470794678
rung3,camera:1.0,407,1.2237372398376465
rung3,camera:1.0,408,0.27874433994293213
rung3,camera:1.0,409,0.18702223896980286
rung3,camera:1.0,410,0.43656113743782043
rung3,camera:1.0,411,1.4424670934677124
rung3,camera:1.0,412,0.8352590799331665
rung3,camera:1.0,413,0.8756429553031921
rung3,camera:1.0,414,1.864567756652832
rung3,camera:1.0,415,1.918731451034546
rung3,camera:1.0,416,1.3112761974334717
rung3,camera:1.0,417,1.0257596969604492
rung3,camera:1.0,418,1.1736118793487549
rung3,camera:1.0,419,1.5901844501495361
rung3,camera:1.0,420,1.149208664894104
rung3,camera:1.0,421,0.5987723469734192
rung3,camera:1.0,422,0.5941992998123169
rung3,camera:1.0,423,1.830806016921997
rung3,camera:1.0,424,1.1233983039855957
rung3,camera:1.0,425,0.7174669504165649
rung3,camera:1.0,426,0.6243236064910889
rung3,camera:1.0,427,1.8909475803375244
rung3,camera:1.0,428,1.3861796855926514
rung3,camera:1.0,429,0.5364323258399963
rung3,camera:1.0,430,0.7883513569831848
rung3,camera:1.0,431,1.7047345638275146
rung3,camera:1.0,432,0.8331086039543152
rung3,camera:1.0,433,0.3341805040836334
rung3,camera:1.0,434,0.2824975550174713
rung3,camera:1.0,435,1.2554631233215332
rung3,camera:1.0,436,1.1344903707504272
rung3,camera:1.0,437,0.3981150984764099
rung3,camera:1.0,438,0.195066899061203
rung3,camera:1.0,439,0.7533069849014282
rung3,camera:1.0,440,1.3654756546020508
rung3,camera:1.0,441,1.0157194137573242
rung3,camera:1.0,442,0.2717652916908264
rung3,camera:1.0,443,0.5617730021476746
rung3,camera:1.0,444,0.7017099261283875
rung3,camera:1.0,445,0.48375725746154785
rung3,camera:1.0,446,0.1526762843132019
rung3,camera:1.0,447,0.22596275806427002
rung3,camera:1.0,448,1.085789680480957
rung3,camera:1.0,449,0.4139695465564728
rung3,camera:1.0,450,0.22406718134880066
rung3,camera:1.0,451,0.19298924505710602
rung3,camera:1.0,452,0.8918255567550659
rung3,camera:1.0,453,0.8310256600379944
rung3,camera:1.0,454,0.20986828207969666
rung3,camera:1.0,455,0.21792978048324585
rung3,camera:1.0,456,0.5751227140426636
rung3,camera:1.0,457,1.23599374294281
rung3,camera:1.0,458,1.1274000406265259
rung3,camera:1.0,459,1.2826025485992432
rung3,camera:1.0,460,1.2828949689865112
rung3,camera:1.0,461,0.8615162968635559
rung3,camera:1.0,462,0.44159501791000366
rung3,camera:1.0,463,1.2942686080932617
rung3,camera:1.0,464,0.7322750091552734
rung3,camera:1.0,465,0.6710205078125
rung3,camera:1.0,466,0.5893739461898804
rung3,camera:1.0,467,0.4978730380535126
rung3,camera:1.0,468,0.5150947570800781
rung3,camera:1.0,469,0.933942973613739
rung3,camera:1.0,470,1.3158891201019287
rung3,camera:1.0,471,1.4572880268096924
rung3,camera:1.0,472,2.57470703125
rung3,camera:1.0,473,0.07168672978878021
rung3,camera:1.0,474,0.015951909124851227
rung3,camera:1.0,475,0.01504727452993393
rung3,camera:1.0,476,0.007416990119963884
rung3,camera:1.0,477,0.027602218091487885
rung3,camera:1.0,478,0.07102576643228531
rung3,camera:1.0,479,0.18115472793579102
rung3,lidar:0.5,0,1.1252185106277466
rung3,lidar:0.5,1,1.104100227355957
rung3,lidar:0.5,2,1.1499122381210327
rung3,lidar:0.5,3,0.7005997896194458
rung3,lidar:0.5,4,0.6804172396659851
rung3,lidar:0.5,5,0.5854730606079102
rung3,lidar:0.5,6,0.5735977292060852
rung3,lidar:0.5,7,0.3226926326751709
rung3,lidar:0.5,8,0.2623178958892822
rung3,lidar:0.5,9,0.4041370451450348
rung3,lidar:0.5,10,0.5952982902526855
rung3,lidar:0.5,11,0.41063588857650757
rung3,lidar:0.5,12,0.4300817847251892
rung3,lidar:0.5,13,0.2502855360507965
rung3,lidar:0.5,14,0.3890780210494995
rung3,lidar:0.5,15,0.32219547033309937
rung3,lidar:0.5,16,0.2139165997505188
rung3,lidar:0.5,17,0.28222957253456116
rung3,lidar:0.5,18,0.3972419500350952
rung3,lidar:0.5,19,0.3625315725803375
rung3,lidar:0.5,20,0.17425596714019775
rung3,lidar:0.5,21,0.19149214029312134
rung3,lidar:0.5,22,0.3276594877243042
rung3,lidar:0.5,23,0.342151015996933
rung3,lidar:0.5,24,0.23780424892902374
rung3,lidar:0.5,25,0.29204466938972473
rung3,lidar:0.5,26,0.44714540243148804
rung3,lidar:0.5,27,0.49033600091934204
rung3,lidar:0.5,28,0.33843645453453064
rung3,lidar:0.5,29,0.2743512988090515
rung3,lidar:0.5,30,0.2667589783668518
rung3,lidar:0.5,31,0.44830042123794556
rung3,lidar:0.5,32,0.34037986397743225
rung3,lidar:0.5,33,0.28071677684783936
rung3,lidar:0.5,34,0.30482423305511475
rung3,lidar:0.5,35,0.5322463512420654
rung3,lidar:0.5,36,0.45068103075027466
rung3,lidar:0.5,37,0.19462093710899353
rung3,lidar:0.5,38,0.2646028399467468
rung3,lidar:0.5,39,0.33238130807876587
rung3,lidar:0.5,40,0.38417088985443115
rung3,lidar:0.5,41,0.15287300944328308
rung3,lidar:0.5,42,0.21345391869544983
rung3,lidar:0.5,43,0.3415796160697937
rung3,lidar:0.5,44,0.30900371074676514
rung3,lidar:0.5,45,0.09265652298927307
rung3,lidar:0.5,46,0.21182870864868164
rung3,lidar:0.5,47,0.5493019223213196
rung3,lidar:0.5,48,0.5813281536102295
rung3,lidar:0.5,49,0.4502819776535034
rung3,lidar:0.5,50,0.62971031665802
rung3,lidar:0.5,51,0.985356330871582
rung3,lidar:0.5,52,0.3961177170276642
rung3,lidar:0.5,53,0.19561108946800232
rung3,lidar:0.5,54,0.43935954570770264
rung3,lidar:0.5,55,0.952434241771698
rung3,lidar:0.5,56,0.9846827983856201
rung3,lidar:0.5,57,1.480574369430542
rung3,lidar:0.5,58,1.7172138690948486
rung3,lidar:0.5,59,0.9929060339927673
rung3,lidar:0.5,60,0.7950887084007263
rung3,lidar:0.5,61,1.2436274290084839
rung3,lidar:0.5,62,0.2242182195186615
rung3,lidar:0.5,63,0.5740046501159668
rung3,lidar:0.5,64,0.7850672602653503
rung3,lidar:0.5,65,1.1917954683303833
rung3,lidar:0.5,66,1.3668131828308105
rung3,lidar:0.5,67,1.6935348510742188
rung3,lidar:0.5,68,2.2752697467803955
rung3,lidar:0.5,69,3.0798873901367188
rung3,lidar:0.5,70,2.9402859210968018
rung3,lidar:0.5,71,0.9293204545974731
rung3,lidar:0.5,72,0.6833386421203613
rung3,lidar:0.5,73,0.8300329446792603
rung3,lidar:0.5,74,0.3152512311935425
rung3,lidar:0.5,75,0.49403491616249084
rung3,lidar:0.5,76,0.49716177582740784
rung3,lidar:0.5,77,0.15792149305343628
rung3,lidar:0.5,78,0.13291290402412415
rung3,lidar:0.5,79,0.25968271493911743
rung3,lidar:0.5,80,0.4915415644645691
rung3,lidar:0.5,81,0.5168905258178711
rung3,lidar:0.5,82,0.7607883810997009
rung3,lidar:0.5,83,0.8249826431274414
rung3,lidar:0.5,84,0.9946730136871338
rung3,lidar:0.5,85,0.7877829074859619
rung3,lidar:0.5,86,0.555743396282196
rung3,lidar:0.5,87,0.633982241153717
rung3,lidar:0.5,88,0.6501719355583191
rung3,lidar:0.5,89,0.567477822303772
rung3,lidar:0.5,90,0.643484890460968
rung3,lidar:0.5,91,0.31394463777542114
rung3,lidar:0.5,92,0.26942628622055054
rung3,lidar:0.5,93,0.28196778893470764
rung3,lidar:0.5,94,0.13261324167251587
rung3,lidar:0.5,95,0.21449638903141022
rung3,lidar:0.5,96,0.14992907643318176
rung3,lidar:0.5,97,0.35818079113960266
rung3,lidar:0.5,98,0.22231842577457428
rung3,lidar:0.5,99,0.13942411541938782
rung3,lidar:0.5,100,0.3156030774116516
rung3,lidar:0.5,101,0.4908243417739868
rung3,lidar:0.5,102,0.31145840883255005
rung3,lidar:0.5,103,0.18291835486888885
rung3,lidar:0.5,104,0.17625176906585693
rung3,lidar:0.5,105,0.48832082748413086
rung3,lidar:0.5,106,0.25665614008903503
rung3,lidar:0.5,107,0.11326045542955399
rung3,lidar:0.5,108,0.18244986236095428
rung3,lidar:0.5,109,0.47508686780929565
rung3,lidar:0.5,110,0.20404234528541565
rung3,lidar:0.5,111,0.1818442940711975
rung3,lidar:0.5,112,0.1383015215396881
rung3,lidar:0.5,113,0.32294684648513794
rung3,lidar:0.5,114,0.295127809047699
rung3,lidar:0.5,115,0.126054584980011
rung3,lidar:0.5,116,0.11992590129375458
rung3,lidar:0.5,117,0.285177081823349
rung3,lidar:0.5,118,0.30540698766708374
rung3,lidar:0.5,119,0.13864374160766602
rung3,lidar:0.5,120,0.1891704648733139
rung3,lidar:0.5,121,0.18749773502349854
rung3,lidar:0.5,122,0.3024378716945648
rung3,lidar:0.5,123,0.2527853548526764
rung3,lidar:0.5,124,0.16044481098651886
rung3,lidar:0.5,125,0.1564493179321289
rung3,lidar:0.5,126,0.3737795650959015
rung3,lidar:0.5,127,0.2984461188316345
rung3,lidar:0.5,128,0.10665884613990784
rung3,lidar:0.5,129,0.14779715240001678
rung3,lidar:0.5,130,0.4223203659057617
rung3,lidar:0.5,131,0.22482724487781525
rung3,lidar:0.5,132,0.34239235520362854
rung3,lidar:0.5,133,0.12757344543933868
rung3,lidar:0.5,134,0.46214988827705383
rung3,lidar:0.5,135,0.2874242663383484
rung3,lidar:0.5,136,0.14867857098579407
rung3,lidar:0.5,137,0.15046541392803192
rung3,lidar:0.5,138,0.29094037413597107
rung3,lidar:0.5,139,0.330061137676239
rung3,lidar:0.5,140,0.1420484185218811
rung3,lidar:0.5,141,0.26576903462409973
rung3,lidar:0.5,142,0.2067503184080124
rung3,lidar:0.5,143,0.33266785740852356
rung3,lidar:0.5,144,0.1671358346939087
rung3,lidar:0.5,145,0.13446292281150818
rung3,lidar:0.5,146,0.14834514260292053
rung3,lidar:0.5,147,0.3872565031051636
rung3,lidar:0.5,148,0.29572412371635437
rung3,lidar:0.5,149,0.21495270729064941
rung3,lidar:0.5,150,0.14596720039844513
rung3,lidar:0.5,151,0.35513433814048767
rung3,lidar:0.5,152,0.23641519248485565
rung3,lidar:0.5,153,0.2840297222137451
rung3,lidar:0.5,154,0.17732371389865875
rung3,lidar:0.5,155,1.1264264583587646
rung3,lidar:0.5,156,1.1152167320251465
rung3,lidar:0.5,157,0.9804264307022095
rung3,lidar:0.5,158,0.8629757761955261
rung3,lidar:0.5,159,0.7332169413566589
rung3,lidar:0.5,160,0.4869329035282135
rung3,lidar:0.5,161,0.3186148405075073
rung3,lidar:0.5,162,0.1911444514989853
rung3,lidar:0.5,163,0.15249696373939514
rung3,lidar:0.5,164,0.3838249444961548
rung3,lidar:0.5,165,0.4170061945915222
rung3,lidar:0.5,166,0.42574575543403625
rung3,lidar:0.5,167,0.3029004633426666
rung3,lidar:0.5,168,0.27530431747436523
rung3,lidar:0.5,169,0.15748384594917297
rung3,lidar:0.5,170,0.2223832756280899
rung3,lidar:0.5,171,0.5410856604576111
rung3,lidar:0.5,172,0.6457290649414062
rung3,lidar:0.5,173,1.1805334091186523
rung3,lidar:0.5,174,0.8164002895355225
rung3,lidar:0.5,175,0.40746745467185974
rung3,lidar:0.5,176,0.37138915061950684
rung3,lidar:0.5,177,0.46329444646835327
rung3,lidar:0.5,178,0.5431593656539917
rung3,lidar:0.5,179,0.4368830919265747
rung3,lidar:0.5,180,0.44094789028167725
rung3,lidar:0.5,181,0.8509702086448669
rung3,lidar:0.5,182,0.6885186433792114
rung3,lidar:0.5,183,0.479778915643692
rung3,lidar:0.5,184,0.5617590546607971
rung3,lidar:0.5,185,0.43139997124671936
rung3,lidar:0.5,186,0.3483240604400635
rung3,lidar:0.5,187,0.43567368388175964
rung3,lidar:0.5,188,0.4492620825767517
rung3,lidar:0.5,189,0.46522700786590576
rung3,lidar:0.5,190,0.5038696527481079
rung3,lidar:0.5,191,0.4186379015445709
rung3,lidar:0.5,192,0.39920884370803833
rung3,lidar:0.5,193,0.44352293014526367
rung3,lidar:0.5,194,0.2989145815372467
rung3,lidar:0.5,195,0.5310343503952026
rung3,lidar:0.5,196,0.4383676052093506
rung3,lidar:0.5,197,0.45152050256729126
rung3,lidar:0.5,198,0.8364748358726501
rung3,lidar:0.5,199,0.7867370843887329
rung3,lidar:0.5,200,0.9859710335731506
rung3,lidar:0.5,201,1.349250316619873
rung3,lidar:0.5,202,1.4604926109313965
rung3,lidar:0.5,203,1.2480430603027344
rung3,lidar:0.5,204,1.2952743768692017
rung3,lidar:0.5,205,0.9211353659629822
rung3,lidar:0.5,206,0.6404978632926941
rung3,lidar:0.5,207,0.9377230405807495
rung3,lidar:0.5,208,0.527962863445282
rung3,lidar:0.5,209,1.147346019744873
rung3,lidar:0.5,210,0.9841616153717041
rung3,lidar:0.5,211,1.1263046264648438
rung3,lidar:0.5,212,3.096060276031494
rung3,lidar:0.5,213,1.4093385934829712
rung3,lidar:0.5,214,0.6675089597702026
rung3,lidar:0.5,215,4.357506275177002
rung3,lidar:0.5,216,3.1251935958862305
rung3,lidar:0.5,217,1.0435893535614014
rung3,lidar:0.5,218,0.4696647822856903
rung3,lidar:0.5,219,0.5541852712631226
rung3,lidar:0.5,220,0.5712908506393433
rung3,lidar:0.5,221,1.090440034866333
rung3,lidar:0.5,222,0.4215598404407501
rung3,lidar:0.5,223,0.9455685615539551
rung3,lidar:0.5,224,0.29995572566986084
rung3,lidar:0.5,225,0.7225946187973022
rung3,lidar:0.5,226,0.8443931341171265
rung3,lidar:0.5,227,0.7345420122146606
rung3,lidar:0.5,228,0.712265133857727
rung3,lidar:0.5,229,0.6838992238044739
rung3,lidar:0.5,230,0.8063052296638489
rung3,lidar:0.5,231,0.5871021747589111
rung3,lidar:0.5,232,0.7168548107147217
rung3,lidar:0.5,233,0.5472933053970337
rung3,lidar:0.5,234,0.4180367588996887
rung3,lidar:0.5,235,0.6429414749145508
rung3,lidar:0.5,236,0.5398831367492676
rung3,lidar:0.5,237,0.18135493993759155
rung3,lidar:0.5,238,0.29492729902267456
rung3,lidar:0.5,239,0.17087772488594055
rung3,lidar:0.5,240,0.3532920777797699
rung3,lidar:0.5,241,0.28035998344421387
rung3,lidar:0.5,242,0.4578162133693695
rung3,lidar:0.5,243,0.12680108845233917
rung3,lidar:0.5,244,0.1673993319272995
rung3,lidar:0.5,245,0.3394075036048889
rung3,lidar:0.5,246,0.4430873692035675
rung3,lidar:0.5,247,0.266001433134079
rung3,lidar:0.5,248,0.2378941774368286
rung3,lidar:0.5,249,0.34503018856048584
rung3,lidar:0.5,250,0.08810404688119888
rung3,lidar:0.5,251,0.26697811484336853
rung3,lidar:0.5,252,0.33275461196899414
rung3,lidar:0.5,253,0.3371303379535675
rung3,lidar:0.5,254,1.1715471744537354
rung3,lidar:0.5,255,1.191272497177124
rung3,lidar:0.5,256,1.3204593658447266
rung3,lidar:0.5,257,1.0201915502548218
rung3,lidar:0.5,258,0.3919949531555176
rung3,lidar:0.5,259,0.5888558626174927
rung3,lidar:0.5,260,0.8740307092666626
rung3,lidar:0.5,261,1.2307146787643433
rung3,lidar:0.5,262,2.0699915885925293
rung3,lidar:0.5,263,2.5165815353393555
rung3,lidar:0.5,264,1.6800498962402344
rung3,lidar:0.5,265,0.5801798105239868
rung3,lidar:0.5,266,1.0435824394226074
rung3,lidar:0.5,267,1.0287890434265137
rung3,lidar:0.5,268,0.5454482436180115
rung3,lidar:0.5,269,0.4146896004676819
rung3,lidar:0.5,270,0.22947293519973755
rung3,lidar:0.5,271,0.30111801624298096
rung3,lidar:0.5,272,0.2399509847164154
rung3,lidar:0.5,273,0.13970884680747986
rung3,lidar:0.5,274,0.41264626383781433
rung3,lidar:0.5,275,0.40894821286201477
rung3,lidar:0.5,276,0.16252711415290833
rung3,lidar:0.5,277,0.26073700189590454
rung3,lidar:0.5,278,0.5157794952392578
rung3,lidar:0.5,279,0.28513050079345703
rung3,lidar:0.5,280,0.2353648990392685
rung3,lidar:0.5,281,0.49200594425201416
rung3,lidar:0.5,282,0.6413964033126831
rung3,lidar:0.5,283,0.5261743068695068
rung3,lidar:0.5,284,0.3350617587566376
rung3,lidar:0.5,285,0.4126015901565552
rung3,lidar:0.5,286,0.629761815071106
rung3,lidar:0.5,287,0.6863330602645874
rung3,lidar:0.5,288,0.5866662263870239
rung3,lidar:0.5,289,0.39729130268096924
rung3,lidar:0.5,290,0.5156203508377075
rung3,lidar:0.5,291,0.545069694519043
rung3,lidar:0.5,292,0.5735496878623962
rung3,lidar:0.5,293,0.28175580501556396
rung3,lidar:0.5,294,0.2314642071723938
rung3,lidar:0.5,295,0.5308791399002075
rung3,lidar:0.5,296,0.5086891055107117
rung3,lidar:0.5,297,0.16334767639636993
rung3,lidar:0.5,298,0.28255918622016907
rung3,lidar:0.5,299,0.6289519667625427
rung3,lidar:0.5,300,0.6515739560127258
rung3,lidar:0.5,301,0.6060587763786316
rung3,lidar:0.5,302,0.7636692523956299
rung3,lidar:0.5,303,1.3046536445617676
rung3,lidar:0.5,304,1.4969407320022583
rung3,lidar:0.5,305,1.310706377029419
rung3,lidar:0.5,306,0.6385462284088135
rung3,lidar:0.5,307,1.0158402919769287
rung3,lidar:0.5,308,0.9592639207839966
rung3,lidar:0.5,309,2.335886001586914
rung3,lidar:0.5,310,1.3559727668762207
rung3,lidar:0.5,311,1.1224579811096191
rung3,lidar:0.5,312,1.276886224746704
rung3,lidar:0.5,313,1.1943387985229492
rung3,lidar:0.5,314,0.5856065154075623
rung3,lidar:0.5,315,0.7793433666229248
rung3,lidar:0.5,316,0.49300146102905273
rung3,lidar:0.5,317,1.43197500705719
rung3,lidar:0.5,318,1.2722738981246948
rung3,lidar:0.5,319,1.3823604583740234
rung3,lidar:0.5,320,1.0375314950942993
rung3,lidar:0.5,321,0.5970680117607117
rung3,lidar:0.5,322,0.03506169468164444
rung3,lidar:0.5,323,0.08953170478343964
rung3,lidar:0.5,324,0.1333400309085846
rung3,lidar:0.5,325,0.16001084446907043
rung3,lidar:0.5,326,0.1927555501461029
rung3,lidar:0.5,327,0.18062753975391388
rung3,lidar:0.5,328,0.16301657259464264
rung3,lidar:0.5,329,0.09054939448833466
rung3,lidar:0.5,330,0.1293182224035263
rung3,lidar:0.5,331,0.0421668104827404
rung3,lidar:0.5,332,0.04722878336906433
rung3,lidar:0.5,333,0.04546219855546951
rung3,lidar:0.5,334,0.07541778683662415
rung3,lidar:0.5,335,0.16097448766231537
rung3,lidar:0.5,336,0.2444627434015274
rung3,lidar:0.5,337,0.3599202632904053
rung3,lidar:0.5,338,0.30445560812950134
rung3,lidar:0.5,339,0.25604915618896484
rung3,lidar:0.5,340,0.27443036437034607
rung3,lidar:0.5,341,0.6835596561431885
rung3,lidar:0.5,342,0.7321070432662964
rung3,lidar:0.5,343,0.5370078682899475
rung3,lidar:0.5,344,0.37943896651268005
rung3,lidar:0.5,345,0.754367470741272
rung3,lidar:0.5,346,1.3323805332183838
rung3,lidar:0.5,347,2.122523546218872
rung3,lidar:0.5,348,2.384246826171875
rung3,lidar:0.5,349,2.211838722229004
rung3,lidar:0.5,350,1.3963642120361328
rung3,lidar:0.5,351,1.9109890460968018
rung3,lidar:0.5,352,0.8097478151321411
rung3,lidar:0.5,353,0.6858111619949341
rung3,lidar:0.5,354,0.5221143960952759
rung3,lidar:0.5,355,0.5265337824821472
rung3,lidar:0.5,356,0.20912276208400726
rung3,lidar:0.5,357,0.4718526601791382
rung3,lidar:0.5,358,1.3526504039764404
rung3,lidar:0.5,359,0.376889169216156
rung3,lidar:0.5,360,0.8649095296859741
rung3,lidar:0.5,361,0.5904310941696167
rung3,lidar:0.5,362,0.6774236559867859
rung3,lidar:0.5,363,0.8536649346351624
rung3,lidar:0.5,364,0.7082195281982422
rung3,lidar:0.5,365,0.5670439004898071
rung3,lidar:0.5,366,0.4963265061378479
rung3,lidar:0.5,367,1.0917232036590576
rung3,lidar:0.5,368,0.5904749035835266
rung3,lidar:0.5,369,0.5601444244384766
rung3,lidar:0.5,370,0.5073201656341553
rung3,lidar:0.5,371,0.33837082982063293
rung3,lidar:0.5,372,0.8013495206832886
rung3,lidar:0.5,373,0.7593258619308472
rung3,lidar:0.5,374,1.4254283905029297
rung3,lidar:0.5,375,1.4119682312011719
rung3,lidar:0.5,376,1.9660003185272217
rung3,lidar:0.5,377,2.449380397796631
rung3,lidar:0.5,378,1.6500329971313477
rung3,lidar:0.5,379,0.6047613024711609
rung3,lidar:0.5,380,1.1793653964996338
rung3,lidar:0.5,381,4.222553730010986
rung3,lidar:0.5,382,1.708531141281128
rung3,lidar:0.5,383,0.6208145618438721
rung3,lidar:0.5,384,0.602796733379364
rung3,lidar:0.5,385,0.37181439995765686
rung3,lidar:0.5,386,0.622442364692688
rung3,lidar:0.5,387,0.5636502504348755
rung3,lidar:0.5,388,0.1610775738954544
rung3,lidar:0.5,389,0.21255463361740112
rung3,lidar:0.5,390,0.24043413996696472
rung3,lidar:0.5,391,0.48463886976242065
rung3,lidar:0.5,392,0.9468398094177246
rung3,lidar:0.5,393,0.8672235012054443
rung3,lidar:0.5,394,0.630176305770874
rung3,lidar:0.5,395,0.4516677260398865
rung3,lidar:0.5,396,0.24608705937862396
rung3,lidar:0.5,397,0.22725331783294678
rung3,lidar:0.5,398,0.2383454293012619
rung3,lidar:0.5,399,0.5337069034576416
rung3,lidar:0.5,400,0.3002135157585144
rung3,lidar:0.5,401,0.3769899308681488
rung3,lidar:0.5,402,0.644376814365387
rung3,lidar:0.5,403,0.24902786314487457
rung3,lidar:0.5,404,0.41395363211631775
rung3,lidar:0.5,405,0.24033747613430023
rung3,lidar:0.5,406,0.15360230207443237
rung3,lidar:0.5,407,0.713214099407196
rung3,lidar:0.5,408,0.7918188571929932
rung3,lidar:0.5,409,0.5398937463760376
rung3,lidar:0.5,410,0.21687668561935425
rung3,lidar:0.5,411,0.39016348123550415
rung3,lidar:0.5,412,0.24006162583827972
rung3,lidar:0.5,413,0.5354616641998291
rung3,lidar:0.5,414,1.010533332824707
rung3,lidar:0.5,415,0.7971248626708984
rung3,lidar:0.5,416,0.5456410646438599
rung3,lidar:0.5,417,0.23216572403907776
rung3,lidar:0.5,418,0.34000733494758606
rung3,lidar:0.5,419,0.47144633531570435
rung3,lidar:0.5,420,0.4398552179336548
rung3,lidar:0.5,421,0.19389836490154266
rung3,lidar:0.5,422,0.20090001821517944
rung3,lidar:0.5,423,0.5620447397232056
rung3,lidar:0.5,424,0.5003380179405212
rung3,lidar:0.5,425,0.19239503145217896
rung3,lidar:0.5,426,0.29819023609161377
rung3,lidar:0.5,427,1.460298776626587
rung3,lidar:0.5,428,0.8285336494445801
rung3,lidar:0.5,429,0.18278154730796814
rung3,lidar:0.5,430,0.1502079963684082
rung3,lidar:0.5,431,0.3589991629123688
rung3,lidar:0.5,432,0.26300865411758423
rung3,lidar:0.5,433,0.17250511050224304
rung3,lidar:0.5,434,0.2018546164035797
rung3,lidar:0.5,435,0.2719837427139282
rung3,lidar:0.5,436,0.7122355103492737
rung3,lidar:0.5,437,0.3628145754337311
rung3,lidar:0.5,438,0.14694859087467194
rung3,lidar:0.5,439,0.277609646320343
rung3,lidar:0.5,440,0.4999467134475708
rung3,lidar:0.5,441,0.4197651445865631
rung3,lidar:0.5,442,0.15277087688446045
rung3,lidar:0.5,443,0.1804160177707672
rung3,lidar:0.5,444,0.17463359236717224
rung3,lidar:0.5,445,0.25047051906585693
rung3,lidar:0.5,446,0.15413495898246765
rung3,lidar:0.5,447,0.20939378440380096
rung3,lidar:0.5,448,0.33390188217163086
rung3,lidar:0.5,449,0.2250223010778427
rung3,lidar:0.5,450,0.17664432525634766
rung3,lidar:0.5,451,0.15919271111488342
rung3,lidar:0.5,452,0.19430018961429596
rung3,lidar:0.5,453,0.34702110290527344
rung3,lidar:0.5,454,0.1867799311876297
rung3,lidar:0.5,455,0.28263360261917114
rung3,lidar:0.5,456,0.4962903559207916
rung3,lidar:0.5,457,0.7414568662643433
rung3,lidar:0.5,458,1.0718852281570435
rung3,lidar:0.5,459,1.2996454238891602
rung3,lidar:0.5,460,1.2836965322494507
rung3,lidar:0.5,461,0.9309889674186707
rung3,lidar:0.5,462,0.7516547441482544
rung3,lidar:0.5,463,1.1292357444763184
rung3,lidar:0.5,464,1.080093264579773
rung3,lidar:0.5,465,0.7125488519668579
rung3,lidar:0.5,466,0.6384168863296509
rung3,lidar:0.5,467,0.6246168613433838
rung3,lidar:0.5,468,0.4370681047439575
rung3,lidar:0.5,469,0.6049148440361023
rung3,lidar:0.5,470,1.0243149995803833
rung3,lidar:0.5,471,1.3457359075546265
rung3,lidar:0.5,472,2.120805501937866
rung3,lidar:0.5,473,0.10911776125431061
rung3,lidar:0.5,474,0.014369726181030273
rung3,lidar:0.5,475,0.01000865176320076
rung3,lidar:0.5,476,0.015452062711119652
rung3,lidar:0.5,477,0.010534598492085934
rung3,lidar:0.5,478,0.030242834240198135
rung3,lidar:0.5,479,0.11187095195055008
rung3,lidar:1.0,0,1.8785064220428467
rung3,lidar:1.0,1,2.051626205444336
rung3,lidar:1.0,2,1.0036849975585938
rung3,lidar:1.0,3,1.1242685317993164
rung3,lidar:1.0,4,0.6352241635322571
rung3,lidar:1.0,5,0.41987344622612
rung3,lidar:1.0,6,0.3203432559967041
rung3,lidar:1.0,7,0.3093735873699188
rung3,lidar:1.0,8,0.9128450751304626
rung3,lidar:1.0,9,0.3890530467033386
rung3,lidar:1.0,10,0.20216752588748932
rung3,lidar:1.0,11,0.7537913918495178
rung3,lidar:1.0,12,0.4455049932003021
rung3,lidar:1.0,13,0.6520455479621887
rung3,lidar:1.0,14,0.527733325958252
rung3,lidar:1.0,15,0.3389248847961426
rung3,lidar:1.0,16,0.9403078556060791
rung3,lidar:1.0,17,0.3653903305530548
rung3,lidar:1.0,18,0.47953367233276367
rung3,lidar:1.0,19,0.3795064687728882
rung3,lidar:1.0,20,0.3205244243144989
rung3,lidar:1.0,21,0.227366104722023
rung3,lidar:1.0,22,0.4618046283721924
rung3,lidar:1.0,23,0.327560693025589
rung3,lidar:1.0,24,0.25520920753479004
rung3,lidar:1.0,25,0.3494783043861389
rung3,lidar:1.0,26,0.7232263088226318
rung3,lidar:1.0,27,0.4464759826660156
rung3,lidar:1.0,28,0.45777904987335205
rung3,lidar:1.0,29,0.25726374983787537
rung3,lidar:1.0,30,0.4673640727996826
rung3,lidar:1.0,31,0.5888071656227112
rung3,lidar:1.0,32,0.17135488986968994
rung3,lidar:1.0,33,0.2870514988899231
rung3,lidar:1.0,34,0.43232178688049316
rung3,lidar:1.0,35,0.5325027704238892
rung3,lidar:1.0,36,0.3670710325241089
rung3,lidar:1.0,37,0.09280466288328171
rung3,lidar:1.0,38,0.32916659116744995
rung3,lidar:1.0,39,0.4795627295970917
rung3,lidar:1.0,40,0.3154030442237854
rung3,lidar:1.0,41,0.15070542693138123
rung3,lidar:1.0,42,0.19186802208423615
rung3,lidar:1.0,43,0.6225632429122925
rung3,lidar:1.0,44,0.25873562693595886
rung3,lidar:1.0,45,0.10406633466482162
rung3,lidar:1.0,46,0.25588542222976685
rung3,lidar:1.0,47,0.6904047727584839
rung3,lidar:1.0,48,0.721382737159729
rung3,lidar:1.0,49,0.4489799737930298
rung3,lidar:1.0,50,0.8340252041816711
rung3,lidar:1.0,51,2.347748279571533
rung3,lidar:1.0,52,1.8419408798217773
rung3,lidar:1.0,53,1.5305368900299072
rung3,lidar:1.0,54,1.6476504802703857
rung3,lidar:1.0,55,1.3117367029190063
rung3,lidar:1.0,56,1.1105852127075195
rung3,lidar:1.0,57,2.0878803730010986
rung3,lidar:1.0,58,2.7924866676330566
rung3,lidar:1.0,59,2.4179348945617676
rung3,lidar:1.0,60,3.3827123641967773
rung3,lidar:1.0,61,1.8867297172546387
rung3,lidar:1.0,62,1.1637229919433594
rung3,lidar:1.0,63,0.8891833424568176
rung3,lidar:1.0,64,1.54276704788208
rung3,lidar:1.0,65,1.1729271411895752
rung3,lidar:1.0,66,1.50214684009552
rung3,lidar:1.0,67,2.083627223968506
rung3,lidar:1.0,68,2.731260061264038
rung3,lidar:1.0,69,2.5364418029785156
rung3,lidar:1.0,70,4.905709743499756
rung3,lidar:1.0,71,1.5148686170578003
rung3,lidar:1.0,72,0.7519946098327637
rung3,lidar:1.0,73,0.8586257696151733
rung3,lidar:1.0,74,1.088784098625183
rung3,lidar:1.0,75,0.5631189346313477
rung3,lidar:1.0,76,0.573883056640625
rung3,lidar:1.0,77,0.21706373989582062
rung3,lidar:1.0,78,0.22165241837501526
rung3,lidar:1.0,79,0.276811808347702
rung3,lidar:1.0,80,2.214226007461548
rung3,lidar:1.0,81,1.018763780593872
rung3,lidar:1.0,82,0.5210709571838379
rung3,lidar:1.0,83,1.4786030054092407
rung3,lidar:1.0,84,1.2031351327896118
rung3,lidar:1.0,85,0.652535080909729
rung3,lidar:1.0,86,0.7580682039260864
rung3,lidar:1.0,87,0.6592721343040466
rung3,lidar:1.0,88,0.9034264087677002
rung3,lidar:1.0,89,1.0286128520965576
rung3,lidar:1.0,90,0.5298025608062744
rung3,lidar:1.0,91,0.3282744884490967
rung3,lidar:1.0,92,0.5973629355430603
rung3,lidar:1.0,93,0.4923921227455139
rung3,lidar:1.0,94,0.10482634603977203
rung3,lidar:1.0,95,0.1534162014722824
rung3,lidar:1.0,96,0.42779988050460815
rung3,lidar:1.0,97,0.42978113889694214
rung3,lidar:1.0,98,0.2919808030128479
rung3,lidar:1.0,99,0.17949989438056946
rung3,lidar:1.0,100,0.5044029355049133
rung3,lidar:1.0,101,0.42216968536376953
rung3,lidar:1.0,102,0.37989214062690735
rung3,lidar:1.0,103,0.2821395993232727
rung3,lidar:1.0,104,0.23722109198570251
rung3,lidar:1.0,105,1.1210092306137085
rung3,lidar:1.0,106,0.535067081451416
rung3,lidar:1.0,107,0.20942489802837372
rung3,lidar:1.0,108,0.2998484969139099
rung3,lidar:1.0,109,1.1111267805099487
rung3,lidar:1.0,110,0.42792636156082153
rung3,lidar:1.0,111,0.3066199719905853
rung3,lidar:1.0,112,0.196507066488266
rung3,lidar:1.0,113,0.1896326243877411
rung3,lidar:1.0,114,0.44115138053894043
rung3,lidar:1.0,115,0.4754560887813568
rung3,lidar:1.0,116,0.13701468706130981
rung3,lidar:1.0,117,0.8079931735992432
rung3,lidar:1.0,118,0.38807880878448486
rung3,lidar:1.0,119,0.37737810611724854
rung3,lidar:1.0,120,0.18880587816238403
rung3,lidar:1.0,121,0.3956732451915741
rung3,lidar:1.0,122,0.5115532875061035
rung3,lidar:1.0,123,0.25706255435943604
rung3,lidar:1.0,124,0.31509333848953247
rung3,lidar:1.0,125,0.2368384748697281
rung3,lidar:1.0,126,0.5160650014877319
rung3,lidar:1.0,127,0.5080969333648682
rung3,lidar:1.0,128,0.6125081181526184
rung3,lidar:1.0,129,0.2469608038663864
rung3,lidar:1.0,130,1.2589689493179321
rung3,lidar:1.0,131,0.9372686147689819
rung3,lidar:1.0,132,0.16686642169952393
rung3,lidar:1.0,133,0.18304051458835602
rung3,lidar:1.0,134,0.8549678325653076
rung3,lidar:1.0,135,0.3109341561794281
rung3,lidar:1.0,136,0.18995237350463867
rung3,lidar:1.0,137,0.2536236047744751
rung3,lidar:1.0,138,0.5650492906570435
rung3,lidar:1.0,139,0.7769202589988708
rung3,lidar:1.0,140,0.159340038895607
rung3,lidar:1.0,141,1.4447216987609863
rung3,lidar:1.0,142,0.44293898344039917
rung3,lidar:1.0,143,0.5635988712310791
rung3,lidar:1.0,144,1.3335741758346558
rung3,lidar:1.0,145,0.626610279083252
rung3,lidar:1.0,146,0.26412132382392883
rung3,lidar:1.0,147,0.5223290920257568
rung3,lidar:1.0,148,0.44261476397514343
rung3,lidar:1.0,149,0.18263651430606842
rung3,lidar:1.0,150,0.34606629610061646
rung3,lidar:1.0,151,0.4830659031867981
rung3,lidar:1.0,152,0.23601943254470825
rung3,lidar:1.0,153,0.4626433551311493
rung3,lidar:1.0,154,0.21566063165664673
rung3,lidar:1.0,155,1.4352779388427734
rung3,lidar:1.0,156,1.9144657850265503
rung3,lidar:1.0,157,1.3152954578399658
rung3,lidar:1.0,158,1.1705071926116943
rung3,lidar:1.0,159,1.1401705741882324
rung3,lidar:1.0,160,0.5476258397102356
rung3,lidar:1.0,161,0.13762739300727844
rung3,lidar:1.0,162,0.7396436929702759
rung3,lidar:1.0,163,0.1618395447731018
rung3,lidar:1.0,164,0.4141489565372467
rung3,lidar:1.0,165,0.45332565903663635
rung3,lidar:1.0,166,0.387544721364975
rung3,lidar:1.0,167,0.27154189348220825
rung3,lidar:1.0,168,0.6450227499008179
rung3,lidar:1.0,169,0.625312089920044
rung3,lidar:1.0,170,0.5671836137771606
rung3,lidar:1.0,171,0.7057992815971375
rung3,lidar:1.0,172,0.533676266670227
rung3,lidar:1.0,173,1.1837332248687744
rung3,lidar:1.0,174,0.9550515413284302
rung3,lidar:1.0,175,0.41861483454704285
rung3,lidar:1.0,176,0.33020293712615967
rung3,lidar:1.0,177,0.6032845973968506
rung3,lidar:1.0,178,0.6957962512969971
rung3,lidar:1.0,179,0.4499809443950653
rung3,lidar:1.0,180,0.5769355297088623
rung3,lidar:1.0,181,1.1362899541854858
rung3,lidar:1.0,182,0.849126935005188
rung3,lidar:1.0,183,0.5692906379699707
rung3,lidar:1.0,184,0.579155445098877
rung3,lidar:1.0,185,0.3715618848800659
rung3,lidar:1.0,186,0.6063229441642761
rung3,lidar:1.0,187,0.7499745488166809
rung3,lidar:1.0,188,0.41861584782600403
rung3,lidar:1.0,189,0.4784644842147827
rung3,lidar:1.0,190,0.5161546468734741
rung3,lidar:1.0,191,0.44524747133255005
rung3,lidar:1.0,192,0.3607291579246521
rung3,lidar:1.0,193,0.3990667462348938
rung3,lidar:1.0,194,0.1706492006778717
rung3,lidar:1.0,195,0.2968232035636902
rung3,lidar:1.0,196,0.597735583782196
rung3,lidar:1.0,197,0.6555570363998413
rung3,lidar:1.0,198,0.6330949068069458
rung3,lidar:1.0,199,0.6601946353912354
rung3,lidar:1.0,200,0.9569368362426758
rung3,lidar:1.0,201,1.2808263301849365
rung3,lidar:1.0,202,1.267735481262207
rung3,lidar:1.0,203,0.5553261041641235
rung3,lidar:1.0,204,0.5273719429969788
rung3,lidar:1.0,205,0.8838667869567871
rung3,lidar:1.0,206,0.6869369745254517
rung3,lidar:1.0,207,0.6422704458236694
rung3,lidar:1.0,208,0.6407614946365356
rung3,lidar:1.0,209,1.8861634731292725
rung3,lidar:1.0,210,1.5076497793197632
rung3,lidar:1.0,211,2.0056731700897217
rung3,lidar:1.0,212,5.61203145980835
rung3,lidar:1.0,213,2.291776418685913
rung3,lidar:1.0,214,5.169626235961914
rung3,lidar:1.0,215,3.057908535003662
rung3,lidar:1.0,216,0.5980623960494995
rung3,lidar:1.0,217,2.3455824851989746
rung3,lidar:1.0,218,1.1726319789886475
rung3,lidar:1.0,219,0.6048265695571899
rung3,lidar:1.0,220,0.7457067966461182
rung3,lidar:1.0,221,0.8026914596557617
rung3,lidar:1.0,222,0.4084324538707733
rung3,lidar:1.0,223,1.6689471006393433
rung3,lidar:1.0,224,0.23154112696647644
rung3,lidar:1.0,225,1.2542822360992432
rung3,lidar:1.0,226,0.5144687294960022
rung3,lidar:1.0,227,0.5942370891571045
rung3,lidar:1.0,228,0.9166856408119202
rung3,lidar:1.0,229,1.2068736553192139
rung3,lidar:1.0,230,1.42082941532135
rung3,lidar:1.0,231,1.3752834796905518
rung3,lidar:1.0,232,0.7884423732757568
rung3,lidar:1.0,233,0.8376635313034058
rung3,lidar:1.0,234,0.4034186005592346
rung3,lidar:1.0,235,0.5056118369102478
rung3,lidar:1.0,236,0.6998225450515747
rung3,lidar:1.0,237,0.33420515060424805
rung3,lidar:1.0,238,0.6295738220214844
rung3,lidar:1.0,239,0.3368157744407654
rung3,lidar:1.0,240,0.5847691297531128
rung3,lidar:1.0,241,0.37440264225006104
rung3,lidar:1.0,242,0.48516637086868286
rung3,lidar:1.0,243,0.3268919587135315
rung3,lidar:1.0,244,0.43047231435775757
rung3,lidar:1.0,245,0.460906445980072
rung3,lidar:1.0,246,0.45392870903015137
rung3,lidar:1.0,247,0.3300807476043701
rung3,lidar:1.0,248,0.43080300092697144
rung3,lidar:1.0,249,0.5196404457092285
rung3,lidar:1.0,250,0.3152312934398651
rung3,lidar:1.0,251,0.46689313650131226
rung3,lidar:1.0,252,0.6238119602203369
rung3,lidar:1.0,253,0.36065393686294556
rung3,lidar:1.0,254,1.5292383432388306
rung3,lidar:1.0,255,1.522245168685913
rung3,lidar:1.0,256,1.5820283889770508
rung3,lidar:1.0,257,1.197494626045227
rung3,lidar:1.0,258,1.2382988929748535
rung3,lidar:1.0,259,0.4071527123451233
rung3,lidar:1.0,260,0.588198184967041
rung3,lidar:1.0,261,1.8501964807510376
rung3,lidar:1.0,262,1.6955317258834839
rung3,lidar:1.0,263,2.4101438522338867
rung3,lidar:1.0,264,1.3645282983779907
rung3,lidar:1.0,265,0.9346722364425659
rung3,lidar:1.0,266,0.501274824142456
rung3,lidar:1.0,267,0.896369457244873
rung3,lidar:1.0,268,0.624441385269165
rung3,lidar:1.0,269,0.5398458242416382
rung3,lidar:1.0,270,0.38290101289749146
rung3,lidar:1.0,271,0.34682953357696533
rung3,lidar:1.0,272,0.7631409168243408
rung3,lidar:1.0,273,0.3866400420665741
rung3,lidar:1.0,274,0.4966070353984833
rung3,lidar:1.0,275,0.31340986490249634
rung3,lidar:1.0,276,0.19389253854751587
rung3,lidar:1.0,277,0.3810395896434784
rung3,lidar:1.0,278,0.6093848943710327
rung3,lidar:1.0,279,0.43019071221351624
rung3,lidar:1.0,280,0.4377725124359131
rung3,lidar:1.0,281,0.33122092485427856
rung3,lidar:1.0,282,0.9338983297348022
rung3,lidar:1.0,283,0.5372512340545654
rung3,lidar:1.0,284,0.5569828152656555
rung3,lidar:1.0,285,0.857657253742218
rung3,lidar:1.0,286,0.5074746012687683
rung3,lidar:1.0,287,0.6313555240631104
rung3,lidar:1.0,288,0.6317939758300781
rung3,lidar:1.0,289,0.37140214443206787
rung3,lidar:1.0,290,0.42308127880096436
rung3,lidar:1.0,291,0.5581479072570801
rung3,lidar:1.0,292,0.5378739237785339
rung3,lidar:1.0,293,0.2708640396595001
rung3,lidar:1.0,294,0.21720145642757416
rung3,lidar:1.0,295,0.41934117674827576
rung3,lidar:1.0,296,0.3766976594924927
rung3,lidar:1.0,297,0.1870904266834259
rung3,lidar:1.0,298,0.27383068203926086
rung3,lidar:1.0,299,0.6357815265655518
rung3,lidar:1.0,300,0.5847748517990112
rung3,lidar:1.0,301,0.6775016188621521
rung3,lidar:1.0,302,0.8140994310379028
rung3,lidar:1.0,303,1.3068907260894775
rung3,lidar:1.0,304,0.8854024410247803
rung3,lidar:1.0,305,1.015353798866272
rung3,lidar:1.0,306,0.49853724241256714
rung3,lidar:1.0,307,3.1973276138305664
rung3,lidar:1.0,308,1.4035818576812744
rung3,lidar:1.0,309,2.7966909408569336
rung3,lidar:1.0,310,1.8148399591445923
rung3,lidar:1.0,311,1.3304455280303955
rung3,lidar:1.0,312,0.42564329504966736
rung3,lidar:1.0,313,1.7246694564819336
rung3,lidar:1.0,314,1.075736165046692
rung3,lidar:1.0,315,0.5347816944122314
rung3,lidar:1.0,316,0.44054654240608215
rung3,lidar:1.0,317,0.5762121677398682
rung3,lidar:1.0,318,1.047351598739624
rung3,lidar:1.0,319,1.0832619667053223
rung3,lidar:1.0,320,0.5183117985725403
rung3,lidar:1.0,321,0.27991193532943726
rung3,lidar:1.0,322,0.04584389925003052
rung3,lidar:1.0,323,0.06635808944702148
rung3,lidar:1.0,324,0.11983843147754669
rung3,lidar:1.0,325,0.14793619513511658
rung3,lidar:1.0,326,0.1602393537759781
rung3,lidar:1.0,327,0.24032966792583466
rung3,lidar:1.0,328,0.2446506768465042
rung3,lidar:1.0,329,0.24650931358337402
rung3,lidar:1.0,330,0.1804141104221344
rung3,lidar:1.0,331,0.06621257960796356
rung3,lidar:1.0,332,0.058819741010665894
rung3,lidar:1.0,333,0.041818782687187195
rung3,lidar:1.0,334,0.09199310094118118
rung3,lidar:1.0,335,0.1703043133020401
rung3,lidar:1.0,336,0.24622443318367004
rung3,lidar:1.0,337,0.3665790855884552
rung3,lidar:1.0,338,0.3672622740268707
rung3,lidar:1.0,339,0.5302571654319763
rung3,lidar:1.0,340,0.6512274742126465
rung3,lidar:1.0,341,0.8278904557228088
rung3,lidar:1.0,342,0.8294677734375
rung3,lidar:1.0,343,0.4034503698348999
rung3,lidar:1.0,344,0.4004150927066803
rung3,lidar:1.0,345,0.7505473494529724
rung3,lidar:1.0,346,1.3288838863372803
rung3,lidar:1.0,347,1.8843567371368408
rung3,lidar:1.0,348,2.841578245162964
rung3,lidar:1.0,349,4.314361095428467
rung3,lidar:1.0,350,1.5313737392425537
rung3,lidar:1.0,351,1.7257957458496094
rung3,lidar:1.0,352,0.8153146505355835
rung3,lidar:1.0,353,0.7724447250366211
rung3,lidar:1.0,354,0.43880748748779297
rung3,lidar:1.0,355,0.6564267873764038
rung3,lidar:1.0,356,0.29730430245399475
rung3,lidar:1.0,357,0.8318014740943909
rung3,lidar:1.0,358,0.8966066837310791
rung3,lidar:1.0,359,0.5373554229736328
rung3,lidar:1.0,360,0.8662339448928833
rung3,lidar:1.0,361,0.6341967582702637
rung3,lidar:1.0,362,1.6454557180404663
rung3,lidar:1.0,363,1.2462608814239502
rung3,lidar:1.0,364,1.1018779277801514
rung3,lidar:1.0,365,0.833267092704773
rung3,lidar:1.0,366,0.4233722686767578
rung3,lidar:1.0,367,1.2819223403930664
rung3,lidar:1.0,368,1.1592738628387451
rung3,lidar:1.0,369,1.2303344011306763
rung3,lidar:1.0,370,0.7324250936508179
rung3,lidar:1.0,371,0.6385279297828674
rung3,lidar:1.0,372,0.71897953748703
rung3,lidar:1.0,373,0.5913181900978088
rung3,lidar:1.0,374,1.302801489830017
rung3,lidar:1.0,375,1.6904922723770142
rung3,lidar:1.0,376,2.14544415473938
rung3,lidar:1.0,377,2.757387161254883
rung3,lidar:1.0,378,2.654496192932129
rung3,lidar:1.0,379,3.081336736679077
rung3,lidar:1.0,380,1.8173168897628784
rung3,lidar:1.0,381,4.283783912658691
rung3,lidar:1.0,382,2.2764832973480225
rung3,lidar:1.0,383,0.6466588377952576
rung3,lidar:1.0,384,0.5872557163238525
rung3,lidar:1.0,385,0.3792724907398224
rung3,lidar:1.0,386,0.5039108991622925
rung3,lidar:1.0,387,0.555066704750061
rung3,lidar:1.0,388,0.38889575004577637
rung3,lidar:1.0,389,0.48564857244491577
rung3,lidar:1.0,390,0.6559558510780334
rung3,lidar:1.0,391,2.6607320308685303
rung3,lidar:1.0,392,1.0154016017913818
rung3,lidar:1.0,393,2.050962209701538
rung3,lidar:1.0,394,1.151779294013977
rung3,lidar:1.0,395,1.3918993473052979
rung3,lidar:1.0,396,1.4508271217346191
rung3,lidar:1.0,397,0.0955597311258316
rung3,lidar:1.0,398,1.6765356063842773
rung3,lidar:1.0,399,0.9138996601104736
rung3,lidar:1.0,400,0.5650123357772827
rung3,lidar:1.0,401,0.5932153463363647
rung3,lidar:1.0,402,0.37032341957092285
rung3,lidar:1.0,403,0.8670741319656372
rung3,lidar:1.0,404,1.156014323234558
rung3,lidar:1.0,405,2.765334367752075
rung3,lidar:1.0,406,0.5164865255355835
rung3,lidar:1.0,407,0.488601952791214
rung3,lidar:1.0,408,0.7958780527114868
rung3,lidar:1.0,409,1.0725317001342773
rung3,lidar:1.0,410,0.40397173166275024
rung3,lidar:1.0,411,0.18140430748462677
rung3,lidar:1.0,412,0.23893678188323975
rung3,lidar:1.0,413,0.43185198307037354
rung3,lidar:1.0,414,0.4064077138900757
rung3,lidar:1.0,415,0.7314141988754272
rung3,lidar:1.0,416,0.30298417806625366
rung3,lidar:1.0,417,0.1686539649963379
rung3,lidar:1.0,418,0.9010486006736755
rung3,lidar:1.0,419,0.36009538173675537
rung3,lidar:1.0,420,0.19495487213134766
rung3,lidar:1.0,421,0.4209095537662506
rung3,lidar:1.0,422,0.2886255979537964
rung3,lidar:1.0,423,0.34466564655303955
rung3,lidar:1.0,424,0.2255895435810089
rung3,lidar:1.0,425,0.41232791543006897
rung3,lidar:1.0,426,0.49501892924308777
rung3,lidar:1.0,427,2.72684383392334
rung3,lidar:1.0,428,2.0250394344329834
rung3,lidar:1.0,429,0.22832225263118744
rung3,lidar:1.0,430,0.9001443386077881
rung3,lidar:1.0,431,0.20377877354621887
rung3,lidar:1.0,432,0.1876009702682495
rung3,lidar:1.0,433,0.187355175614357
rung3,lidar:1.0,434,0.300165057182312
rung3,lidar:1.0,435,0.19304224848747253
rung3,lidar:1.0,436,0.22559314966201782
rung3,lidar:1.0,437,0.208396315574646
rung3,lidar:1.0,438,0.3213747441768646
rung3,lidar:1.0,439,0.238032728433609
rung3,lidar:1.0,440,0.14889946579933167
rung3,lidar:1.0,441,0.322060763835907
rung3,lidar:1.0,442,0.47845497727394104
rung3,lidar:1.0,443,0.2389378845691681
rung3,lidar:1.0,444,0.30525797605514526
rung3,lidar:1.0,445,0.2868463397026062
rung3,lidar:1.0,446,0.7588683366775513
rung3,lidar:1.0,447,0.48376357555389404
rung3,lidar:1.0,448,0.21143731474876404
rung3,lidar:1.0,449,0.5481727719306946
rung3,lidar:1.0,450,0.34053686261177063
rung3,lidar:1.0,451,0.5709996223449707
rung3,lidar:1.0,452,0.7959352135658264
rung3,lidar:1.0,453,0.22846752405166626
rung3,lidar:1.0,454,0.963790774345398
rung3,lidar:1.0,455,1.0537810325622559
rung3,lidar:1.0,456,0.6263452172279358
rung3,lidar:1.0,457,0.8574432730674744
rung3,lidar:1.0,458,1.0766637325286865
rung3,lidar:1.0,459,2.497720241546631
rung3,lidar:1.0,460,1.3148587942123413
rung3,lidar:1.0,461,0.88791823387146
rung3,lidar:1.0,462,0.3218059241771698
rung3,lidar:1.0,463,0.2680436968803406
rung3,lidar:1.0,464,0.4545968174934387
rung3,lidar:1.0,465,0.8824295997619629
rung3,lidar:1.0,466,0.9589971899986267
rung3,lidar:1.0,467,0.6955780386924744
rung3,lidar:1.0,468,1.713618516921997
rung3,lidar:1.0,469,1.1614843606948853
rung3,lidar:1.0,470,0.8762650489807129
rung3,lidar:1.0,471,3.355759859085083
rung3,lidar:1.0,472,2.0224480628967285
rung3,lidar:1.0,473,0.05466806888580322
rung3,lidar:1.0,474,0.02164902538061142
rung3,lidar:1.0,475,0.04844855144619942
rung3,lidar:1.0,476,0.019220074638724327
rung3,lidar:1.0,477,0.0183209627866745
rung3,lidar:1.0,478,0.008967656642198563
rung3,lidar:1.0,479,0.05416535586118698
