seed,stage,epoch,train_objective,complete
seed2,pretrain,0,0.967996,True
seed2,pretrain,1,0.732813,True
seed2,pretrain,2,0.557647,True
seed2,pretrain,3,0.549876,True
seed2,pretrain,4,0.454918,True
seed2,pretrain,5,0.403199,True
seed2,pretrain,6,0.353192,True
seed2,pretrain,7,0.398494,True
seed2,pretrain,8,0.371348,True
seed2,pretrain,9,0.337127,True
seed2,pretrain,10,0.305298,True
seed2,pretrain,11,0.280827,True
seed2,pretrain,12,0.267963,True
seed2,pretrain,13,0.251808,True
seed2,pretrain,14,0.240318,True
seed2,pretrain,15,0.305948,True
seed2,pretrain,16,0.27749,True
seed2,pretrain,17,0.272434,True
seed2,pretrain,18,0.259256,True
seed2,pretrain,19,0.249329,True
seed2,pretrain,20,0.237707,True
seed2,pretrain,21,0.225138,True
seed2,pretrain,22,0.221783,True
seed2,pretrain,23,0.204487,True
seed2,pretrain,24,0.201496,True
seed2,pretrain,25,0.194799,True
seed2,pretrain,26,0.184517,True
seed2,pretrain,27,0.18237,True
seed2,pretrain,28,0.18047,True
seed2,pretrain,29,0.175433,True
seed2,pretrain,30,0.179262,False
seed2,posttrain,0,0.414043,True
seed2,posttrain,1,0.397352,True
seed2,posttrain,2,0.334155,True
seed2,posttrain,3,0.362092,True
seed2,posttrain,4,0.3147,False
